alumno_codigo,carrera_codigo,plan_codigo,cohorte,anio_ingreso,anio_cursada,estado_trayectoria,vigente_desde,vigente_hasta,observaciones
1db32061-6667-403c-a5b1-ee5df6ac5b46,ING,ING-PLAN,,,1,ACTIVO,,,Legajo 26685
bdfbd6e3-5240-45b5-91b0-3513ea7b1412,ING,ING-PLAN,,,1,ACTIVO,,,Legajo 26748
edc7f5f8-aec0-4eb1-b8ec-b1b104506c5b,ING,ING-PLAN,,,1,ACTIVO,,,Legajo 26607
eabba9a3-e532-4de1-a1e6-d1da8794cd72,ING,ING-PLAN,,,1,ACTIVO,,,Legajo 26133
2ec9afe7-49a7-42b4-bde0-d227426feb9e,ING,ING-PLAN,,,1,ACTIVO,,,Legajo 25574
544a37ff-81a5-4b3c-8609-5a1aa919896e,ING,ING-PLAN,,,1,ACTIVO,,,Legajo 26521
b0f10a80-67bf-4f42-84b6-402167915568,ING,ING-PLAN,,,1,ACTIVO,,,Legajo 26464
4d25173e-851c-4ce2-bf71-d52033cb63c0,ING,ING-PLAN,,,1,ACTIVO,,,Legajo 25409
a846423c-5e5b-47d6-9977-a60001f15d90,ING,ING-PLAN,,,1,ACTIVO,,,Legajo 26432
bf92fc38-4f08-4ff1-a2b0-510f4906a3c4,ING,ING-PLAN,,,1,ACTIVO,,,Legajo 26619
ff8fceca-d25f-4517-a70a-f996085f2c56,ING,ING-PLAN,,,1,ACTIVO,,,Legajo 26715
70e69fd4-846d-4176-a6af-31fe95e34eeb,ING,ING-PLAN,,,1,ACTIVO,,,Legajo 26771
72d3fc85-481f-4cd9-aab2-93e5eb29ebba,ING,ING-PLAN,,,1,ACTIVO,,,Legajo 26325
0ba610a5-1eb6-4ede-8fb0-eee67de22e5d,ING,ING-PLAN,,,1,ACTIVO,,,Legajo 26730
0a1a020c-b6b0-40c6-b03e-d17bdeea297c,ING,ING-PLAN,,,1,ACTIVO,,,Legajo 26249
a5f4a868-1a53-4974-bac8-fecf23e66c03,ING,ING-PLAN,,,1,ACTIVO,,,Legajo 26679
fc767fe4-2ba6-4987-bdac-c89a8111689b,ING,ING-PLAN,,,1,ACTIVO,,,Legajo 26613
f2405a17-5279-4577-9e5c-de08c81b514f,ING,ING-PLAN,,,1,ACTIVO,,,Legajo 26711
97335839-8ac5-4146-be98-e1eef45c0f3a,ING,ING-PLAN,,,1,ACTIVO,,,Legajo 26246
4c663199-84c8-457d-ac2d-62023ac70a32,ING,ING-PLAN,,,1,ACTIVO,,,Legajo 26606
911dcd14-8b16-4cff-b02d-01ed889bfebe,ING,ING-PLAN,,,1,ACTIVO,,,Legajo 26716
551f3b41-2cd3-47a3-bfd8-efe15e22aa64,ING,ING-PLAN,,,1,ACTIVO,,,Legajo 26695
14f4b2c0-a6d9-485f-aee8-41558625931c,ING,ING-PLAN,,,1,ACTIVO,,,Legajo 25866
e5389618-c9a6-4f19-bd21-5ff7e3988acf,ING,ING-PLAN,,,1,ACTIVO,,,Legajo 26277
994d1051-706e-4de4-b554-b8c216c879d5,ING,ING-PLAN,,,2,ACTIVO,,,Legajo 25411
3944d407-81c5-4ea5-b2dd-91fe737182e4,ING,ING-PLAN,,,2,ACTIVO,,,Legajo 26148
d045cb5a-5ccf-4dc7-b772-a73a629bf084,ING,ING-PLAN,,,2,ACTIVO,,,Legajo 26772
9177fbb3-91aa-4b23-b3ef-642c217a6dd4,ING,ING-PLAN,,,2,ACTIVO,,,Legajo 26787
4d2972fd-c7b3-457c-8faa-998fada93136,ING,ING-PLAN,,,2,ACTIVO,,,Legajo 26348
1dc76f5e-4af0-487a-83cb-f3c14063e8f3,ING,ING-PLAN,,,2,ACTIVO,,,Legajo 25854
2e712762-c4b0-47d3-8f98-6359f6401cb6,ING,ING-PLAN,,,2,ACTIVO,,,Legajo 26421
a6c5583d-a4f3-48a4-b1fc-1720f32040a7,ING,ING-PLAN,,,2,ACTIVO,,,Legajo 26388
1c97c0f8-4ca9-4121-ba0c-24e3f781ced3,ING,ING-PLAN,,,2,ACTIVO,,,Legajo 26741
5fe43872-0133-4355-b8a3-652d9df211eb,ING,ING-PLAN,,,2,ACTIVO,,,Legajo 26660
56acd1e6-8a3c-479c-9570-be36317192a7,ING,ING-PLAN,,,2,ACTIVO,,,Legajo 26253
2db00af9-8655-42c4-8fed-b2e49d3a2fc4,ING,ING-PLAN,,,2,ACTIVO,,,Legajo 25830
ad5bb905-f643-4806-9464-9d841c94e9e1,ING,ING-PLAN,,,2,ACTIVO,,,Legajo 25553
81febb43-67ea-40a2-bd6f-fd2c5875503f,ING,ING-PLAN,,,2,ACTIVO,,,Legajo 26431
bbdb3626-8787-4d27-8928-26eba9ce90e9,ING,ING-PLAN,,,2,ACTIVO,,,Legajo 26400
836c6ec2-a76f-4b2d-adbf-055569cbda4c,ING,ING-PLAN,,,2,ACTIVO,,,Legajo 26635
57b36121-ce64-4804-b8e9-29c9b5047c21,ING,ING-PLAN,,,2,ACTIVO,,,Legajo 25894
9107e2b0-d822-48fa-a4c0-b5d2f0730e03,ING,ING-PLAN,,,2,ACTIVO,,,Legajo 26640
275b7ade-92de-43af-9429-7b9b454b51b4,ING,ING-PLAN,,,2,ACTIVO,,,Legajo 25476
cf08ec29-f041-4561-8719-6357e312be5c,ING,ING-PLAN,,,2,ACTIVO,,,Legajo 25554
8f32ed44-14c4-40c6-bb3d-332d7f580629,ING,ING-PLAN,,,2,ACTIVO,,,Legajo 25739
7962d962-502b-4b87-ace5-ca6cb4f36cee,ING,ING-PLAN,,,2,ACTIVO,,,Legajo 26547
9dee680f-d5e1-4ab6-b9eb-d46230d37559,ING,ING-PLAN,,,2,ACTIVO,,,Legajo 26349
685a84ac-018f-4acd-93d4-e40eb0538d95,ING,ING-PLAN,,,2,ACTIVO,,,Legajo 26840
3b6096ab-053c-40b1-944b-7c901e06e2fb,ING,ING-PLAN,,,2,ACTIVO,,,Legajo 26641
c7757a14-61e1-4729-8cfd-1a3c0e4a51b8,ING,ING-PLAN,,,2,ACTIVO,,,Legajo 25705
04a46a74-38de-4d9e-8266-8d20001e72ba,ING,ING-PLAN,,,2,ACTIVO,,,Legajo 25855
cdb0e99a-79c6-4914-aebc-5f4f138c949f,ING,ING-PLAN,,,3,ACTIVO,,,Legajo 26486
0174380f-8290-4e8e-9fec-442489771072,ING,ING-PLAN,,,3,ACTIVO,,,Legajo 26705
6fc9a284-6aff-48a0-ab70-4c053de7f41f,ING,ING-PLAN,,,3,ACTIVO,,,Legajo 26279
1e9c6901-e146-453c-810a-7539e3fc7f6a,ING,ING-PLAN,,,3,ACTIVO,,,Legajo 26487
bd139afb-8245-433f-8139-199cf6b90a6d,ING,ING-PLAN,,,3,ACTIVO,,,Legajo 26457
ce67aae4-d457-4eba-a93a-f6180e4ccda5,ING,ING-PLAN,,,3,ACTIVO,,,Legajo 26437
44efb149-850a-4f5f-b95e-9e6d651ec39b,ING,ING-PLAN,,,3,ACTIVO,,,Legajo 26489
568cf612-af6c-4f70-8e77-ed9794f560df,ING,ING-PLAN,,,3,ACTIVO,,,Legajo 26467
3b97f8d9-b1ba-43cb-9893-9ae38bde578d,ING,ING-PLAN,,,3,ACTIVO,,,Legajo 26243
c33ad61b-a30c-4235-9aa9-437983fb7435,ING,ING-PLAN,,,3,ACTIVO,,,Legajo 26324
7dce20ff-8b39-47ac-8645-db07dded2793,ING,ING-PLAN,,,3,ACTIVO,,,Legajo 26438
47268005-9675-4eec-99da-50b36a5a014a,ING,ING-PLAN,,,3,ACTIVO,,,Legajo 26461
f0c2992a-ff60-49a7-9722-f6592c0bdb0f,ING,ING-PLAN,,,3,ACTIVO,,,Legajo 26518
27294e91-7cb1-41ae-a76d-c915d4287a7b,ING,ING-PLAN,,,3,ACTIVO,,,Legajo 25575
4ee9215e-9c01-4b5d-b5f3-990e6138ec21,ING,ING-PLAN,,,3,ACTIVO,,,Legajo 26520
6086821e-d339-4ac0-a97b-8b42f0b5e6cd,ING,ING-PLAN,,,3,ACTIVO,,,Legajo 25995
72b6c24d-116b-49ed-9a0c-348755db5fbd,ING,ING-PLAN,,,3,ACTIVO,,,Legajo 26004
4dc92dd0-b70c-49a3-8a33-3f8d87132484,ING,ING-PLAN,,,3,ACTIVO,,,Legajo 26459
c9edf1df-3134-4d44-ad2c-4c910b7b1753,ING,ING-PLAN,,,3,ACTIVO,,,Legajo 26475
083c4b6e-59c7-43ab-8edd-d7ff3a5b466c,ING,ING-PLAN,,,3,ACTIVO,,,Legajo 26434
48ed0197-5c00-44b8-97c7-21764f13a530,ING,ING-PLAN,,,3,ACTIVO,,,Legajo 26182
8fcf5bb5-75aa-4b33-9801-500db1124058,ING,ING-PLAN,,,3,ACTIVO,,,Legajo 26723
2eb37cca-968e-433f-adc1-c3994cfaaf1e,ING,ING-PLAN,,,3,ACTIVO,,,Legajo 25721
439a472c-2cd8-4c6b-b0b2-80a5a738a54f,ING,ING-PLAN,,,4,ACTIVO,,,Legajo 25641
fb660a6b-3eb1-4294-824b-5b8e48bfd277,ING,ING-PLAN,,,4,ACTIVO,,,Legajo 26579
322ab48b-ba0f-45f9-93b0-6bd9c4c1a699,ING,ING-PLAN,,,4,ACTIVO,,,Legajo 26393
e4b9f5af-9856-4c0e-aab3-b43f8e1b4a14,ING,ING-PLAN,,,4,ACTIVO,,,Legajo 26451
7c26166d-019e-413f-9167-f87050eafdb6,ING,ING-PLAN,,,4,ACTIVO,,,Legajo 26588
8b087724-3d68-4bfa-be5c-c78e80090eb6,ING,ING-PLAN,,,4,ACTIVO,,,Legajo 25810
8adab947-d0f1-4009-9072-7e5475934961,ING,ING-PLAN,,,4,ACTIVO,,,Legajo 25889
a417aa01-2d9a-4f45-9115-c9de1d50bf85,ING,ING-PLAN,,,4,ACTIVO,,,Legajo 26484
57f44ad7-d8e1-47a7-af34-cba9c1888fae,ING,ING-PLAN,,,4,ACTIVO,,,Legajo 25736
b214b45c-b994-4e04-b11e-5a352058c84b,ING,ING-PLAN,,,4,ACTIVO,,,Legajo 26466
d498421a-d32b-4e23-8d28-463fb194d5a4,ING,ING-PLAN,,,4,ACTIVO,,,Legajo 25687
1af05c57-3d68-4e06-b337-6a5d86484c80,ING,ING-PLAN,,,4,ACTIVO,,,Legajo 26595
33785662-249f-4821-8e53-c99878dcfd55,ING,ING-PLAN,,,4,ACTIVO,,,Legajo 26617
a36f6594-d96e-4cdc-87f3-63b159f1dd2f,ING,ING-PLAN,,,4,ACTIVO,,,Legajo 25382
61e342ef-3614-4f0b-b4e8-e8696056932d,ING,ING-PLAN,,,4,ACTIVO,,,Legajo 25576
66f0b13b-1058-4e6b-aa27-337a1fb482d8,ING,ING-PLAN,,,4,ACTIVO,,,Legajo 25533
3453c771-9f14-4ddb-a042-c56bf80f2e59,ING,ING-PLAN,,,4,ACTIVO,,,Legajo 26328
1636e31d-058f-4cb7-935a-50a6b1f0f21b,QUI,QUI-PLAN,,,1,ACTIVO,,,Legajo 25714
7a4b0239-bb19-4e93-ae89-9e2dc3993c4d,QUI,QUI-PLAN,,,1,ACTIVO,,,Legajo 26006
8256058f-c217-40bf-92fe-e49eb7266a0f,QUI,QUI-PLAN,,,1,ACTIVO,,,Legajo 26187
1cbee618-6ad4-4fff-bc5d-a2f5bd3f7112,QUI,QUI-PLAN,,,1,ACTIVO,,,Legajo 26401
445fcd83-3ac5-47a3-9180-3dca053b5ffc,QUI,QUI-PLAN,,,1,ACTIVO,,,Legajo 26548
c7feb7a7-e528-4094-925f-abd9b42d7eaa,QUI,QUI-PLAN,,,1,ACTIVO,,,Legajo 26054
afd9cb7a-2365-4bed-be3d-d18461f6a424,QUI,QUI-PLAN,,,2,ACTIVO,,,Legajo 26251
d0433263-5c52-4084-b82f-11f8f31a07dd,QUI,QUI-PLAN,,,2,ACTIVO,,,Legajo 26593
0af97256-7091-4753-a4a6-98dba35a44ad,QUI,QUI-PLAN,,,2,ACTIVO,,,Legajo 26624
67f10b4f-069e-47fa-b177-df3fda2489ab,QUI,QUI-PLAN,,,3,ACTIVO,,,Legajo 25670
fed4f0b4-536f-4d22-a1b6-7ff4e98d2692,QUI,QUI-PLAN,,,3,ACTIVO,,,Legajo 25669
2f302e7f-0b0d-4214-85fb-495799077d5a,QUI,QUI-PLAN,,,3,ACTIVO,,,Legajo 26113
4298b06b-0f6b-4f4a-81fa-e90b43026d2a,QUI,QUI-PLAN,,,3,ACTIVO,,,Legajo 26496
40fd6a8a-55c2-4918-81b4-fa731438e6f4,QUI,QUI-PLAN,,,3,ACTIVO,,,Legajo 26474
f6ab7750-d169-4d41-a534-1e527c1534f3,QUI,QUI-PLAN,,,3,ACTIVO,,,Legajo 25517
97789929-d7a2-4b1a-879e-32c71968cfd8,QUI,QUI-PLAN,,,3,ACTIVO,,,Legajo 26500
b5f9ab70-ca19-4c37-91aa-8f06dadb99d5,QUI,QUI-PLAN,,,3,ACTIVO,,,Legajo 25552
eab55f58-8a3f-4699-99db-f329991bc60e,QUI,QUI-PLAN,,,3,ACTIVO,,,Legajo 25865
eb68590f-b438-4e44-8692-57c9d102b34c,QUI,QUI-PLAN,,,3,ACTIVO,,,Legajo 26585
dbd95de2-32de-4465-b98a-0384b8487ad3,QUI,QUI-PLAN,,,4,ACTIVO,,,Legajo 26523
8ada9cec-481f-41dd-b503-96b3b6bce901,QUI,QUI-PLAN,,,4,ACTIVO,,,Legajo 25738
f884e533-3fbf-4121-8eea-44c3694a6bf2,QUI,QUI-PLAN,,,4,ACTIVO,,,Legajo 26163
a19ba6a5-d080-4e0f-9678-b9cdfa74ad4f,QUI,QUI-PLAN,,,4,ACTIVO,,,Legajo 26590
0d5cc520-9c42-45a0-8da1-b791920edad4,QUI,QUI-PLAN,,,4,ACTIVO,,,Legajo 26542
ff462b27-d64a-45e0-86da-78bb09767dd9,QUI,QUI-PLAN,,,4,ACTIVO,,,Legajo 25932
51bdda61-36ec-4fbb-94d2-7efbac7adbfc,QUI,QUI-PLAN,,,4,ACTIVO,,,Legajo 26067
f44a52d6-d303-4401-9c89-d85fb5038637,QUI,QUI-PLAN,,,4,ACTIVO,,,Legajo 26604
9252d21d-d6a8-472d-81bb-27f7d3249d54,QUI,QUI-PLAN,,,4,ACTIVO,,,Legajo 26706
1b33d190-b96b-43db-a095-7b1e5375d6eb,QUI,QUI-PLAN,,,4,ACTIVO,,,Legajo 26584
8a86adba-9e73-4538-afbc-fa72a2068bd8,QUI,QUI-PLAN,,,4,ACTIVO,,,Legajo 26452
22fdfa91-afbc-4f3a-a607-90396a1452f7,QUI,QUI-PLAN,,,4,ACTIVO,,,Legajo 25896
52d993f5-80f1-4393-b42d-b1428af7dbde,GEO,GEO-PLAN,,,4,ACTIVO,,,Legajo 26618
d29a83a2-0e5c-439b-a670-ff7f880cbc2a,GEO,GEO-PLAN,,,4,ACTIVO,,,Legajo 25668
a8959d38-7992-4a9d-820c-999b668347c5,GEO,GEO-PLAN,,,4,ACTIVO,,,Legajo 26280
74bd4169-4125-4148-b5bf-f55265d063ac,GEO,GEO-PLAN,,,4,ACTIVO,,,Legajo 25910
bc5b747b-d3f0-472f-8af4-54b2291b47cc,GEO,GEO-PLAN,,,4,ACTIVO,,,Legajo 26116
fc668b1e-c0b5-460b-b74c-b0a5191e3ebe,GEO,GEO-PLAN,,,4,ACTIVO,,,Legajo 25991
2461618e-2cef-4ef1-930d-469e4fe0d67a,GEO,GEO-PLAN,,,4,ACTIVO,,,Legajo 25674
ab65c6dd-54f7-4850-aec9-e7b4632e7fde,GEO,GEO-PLAN,,,4,ACTIVO,,,Legajo 26768
1c815bc3-8739-4907-8a30-b4e32a9003e2,GEO,GEO-PLAN,,,4,ACTIVO,,,Legajo 26115
f87bf0c0-1129-4b94-9856-de873f5c4dea,GEO,GEO-PLAN,,,4,ACTIVO,,,Legajo 25688
17c9bb5a-6ec6-4cd8-832c-6d4bdce072ac,GEO,GEO-PLAN,,,4,ACTIVO,,,Legajo 26002
83ab9f23-c215-41b3-a302-b47418d6592e,GEO,GEO-PLAN,,,4,ACTIVO,,,Legajo 25943
a970cfd4-a69e-4ccf-beec-1b1525816390,TRA,TRA-PLAN,,,1,ACTIVO,,,Legajo 26395
a254ed43-643a-44b3-9bfd-0dedba17a965,TRA,TRA-PLAN,,,1,ACTIVO,,,Legajo 26587
7a7709e5-b4f8-4e85-8052-11f4df4cf700,TRA,TRA-PLAN,,,1,ACTIVO,,,Legajo 26132
431c6a0c-b104-41b4-a93e-09b64e8f8510,TRA,TRA-PLAN,,,1,ACTIVO,,,Legajo 26686
1543fd6c-e68f-4608-a18c-3d6b045a1c6a,TRA,TRA-PLAN,,,1,ACTIVO,,,Legajo 25379
9a3e968d-a403-40d3-8521-a42e41a2530a,TRA,TRA-PLAN,,,1,ACTIVO,,,Legajo 26798
73f7f1bd-bb14-4639-8ec7-7a0ae1b9a0c0,TRA,TRA-PLAN,,,1,ACTIVO,,,Legajo 25720
fda4f1eb-7084-4098-9770-b93427148c66,TRA,TRA-PLAN,,,1,ACTIVO,,,Legajo 26546
0f5262c8-2d9f-4fc5-971a-3fabb8ae381f,TRA,TRA-PLAN,,,1,ACTIVO,,,Legajo 26622
70099312-d79b-49d3-9b02-5df4bd20e1f4,TRA,TRA-PLAN,,,1,ACTIVO,,,Legajo 26645
3140b37b-23b7-4669-8051-bd1dfd14d27d,TRA,TRA-PLAN,,,1,ACTIVO,,,Legajo 26254
8dcba108-907a-4e4c-a321-5582b11badd3,TRA,TRA-PLAN,,,1,ACTIVO,,,Legajo 26658
27782698-6e26-4dec-a074-98236f881ffe,TRA,TRA-PLAN,,,1,ACTIVO,,,Legajo 25516
83129ddb-6ff4-4483-b394-df0b74ae84af,TRA,TRA-PLAN,,,1,ACTIVO,,,Legajo 26252
ab294fa9-56bb-449e-ab94-929c9a00cfa8,TRA,TRA-PLAN,,,1,ACTIVO,,,Legajo 25686
c4e339ee-4787-40d6-904b-22c8d4a3d88d,TRA,TRA-PLAN,,,1,ACTIVO,,,Legajo 25699
5fe390cb-1f23-4c5e-bc31-025029d69452,TRA,TRA-PLAN,,,1,ACTIVO,,,Legajo 25493
68e97315-ce9d-40c5-b8fe-ba360ef303b5,TRA,TRA-PLAN,,,1,ACTIVO,,,Legajo 26394
cff141dc-2e60-4d10-9018-3470f6fb831c,TRA,TRA-PLAN,,,1,ACTIVO,,,Legajo 26485
cd430545-4d8c-4930-bead-2e521454c6a6,TRA,TRA-PLAN,,,1,ACTIVO,,,Legajo 26242
5241b3bb-0a62-44a7-9bf1-220c01f2b4ec,TRA,TRA-PLAN,,,1,ACTIVO,,,Legajo 26627
b02f8c32-840f-487c-8053-5c76532ec3a5,TRA,TRA-PLAN,,,1,ACTIVO,,,Legajo 26420
edc62a58-5e03-40e1-a5ca-a3a992738f8c,TRA,TRA-PLAN,,,1,ACTIVO,,,Legajo 26429
71a8544b-d721-4762-b326-cac56422e9f2,TRA,TRA-PLAN,,,1,ACTIVO,,,Legajo 26731
16c9d2e0-22bc-4338-8365-24c6a30a316f,TRA,TRA-PLAN,,,1,ACTIVO,,,Legajo 26541
5ffcfe3d-dbad-49a3-a56c-e3a6979e724b,TRA,TRA-PLAN,,,1,ACTIVO,,,Legajo 26528
65865e45-13ff-41f1-ac3d-ed2b2a4c5d20,TRA,TRA-PLAN,,,1,ACTIVO,,,Legajo 25829
c54243a9-8481-4e1a-b24e-5c6c24b1a280,TRA,TRA-PLAN,,,1,ACTIVO,,,Legajo 26350
bd382c4a-7dea-4f12-9a14-8d2f5e5fe47e,TRA,TRA-PLAN,,,1,ACTIVO,,,Legajo 26343
3e3468ba-63a3-4385-9bf1-afd2761fec99,TRA,TRA-PLAN,,,1,ACTIVO,,,Legajo 26462
f1d138f2-c489-4259-8a8e-4dc318b5ec2a,TRA,TRA-PLAN,,,1,ACTIVO,,,Legajo 26186
f933dbd1-5e19-43a2-a68e-761ab3dd5239,TRA,TRA-PLAN,,,1,ACTIVO,,,Legajo 26644
cabed76b-2704-40c4-9a46-45690dc912fd,TRA,TRA-PLAN,,,2,ACTIVO,,,Legajo 25733
f1239140-2384-428d-987e-5e98e2082d6c,TRA,TRA-PLAN,,,2,ACTIVO,,,Legajo 26482
a4b03967-dba5-4604-8470-fbcbb90ef05d,TRA,TRA-PLAN,,,2,ACTIVO,,,Legajo 25775
6cf1bfc1-d154-42ee-95f0-4845b92b305f,TRA,TRA-PLAN,,,2,ACTIVO,,,Legajo 26149
6256059a-7230-46da-a902-9600e0d8ce64,TRA,TRA-PLAN,,,2,ACTIVO,,,Legajo 26085
02b93741-0f8a-42d9-ba27-1b96c9d71bea,TRA,TRA-PLAN,,,2,ACTIVO,,,Legajo 26637
3653502d-79bd-4142-9940-58acdeb3f86b,TRA,TRA-PLAN,,,2,ACTIVO,,,Legajo 25731
598a0a17-1a1c-43fa-9a05-e465fdf143c7,TRA,TRA-PLAN,,,2,ACTIVO,,,Legajo 25726
e9e3fbbe-8886-4011-89c8-f35e24f1cb95,TRA,TRA-PLAN,,,2,ACTIVO,,,Legajo 25740
e7195c74-2270-4385-9d1f-0485bbb5a367,TRA,TRA-PLAN,,,2,ACTIVO,,,Legajo 26347
3fed185e-d725-4712-83d1-5f518e5c4a53,TRA,TRA-PLAN,,,2,ACTIVO,,,Legajo 25737
6a21453b-d7b3-496a-bb76-8c5c81c3d983,TRA,TRA-PLAN,,,2,ACTIVO,,,Legajo 25449
d2da68f6-11f4-42fa-9456-95bd59566e0a,TRA,TRA-PLAN,,,2,ACTIVO,,,Legajo 26185
4665ee01-7aac-447c-bc86-8799149853ae,TRA,TRA-PLAN,,,2,ACTIVO,,,Legajo 25573
e3275e5b-ee19-4950-aa05-33c81451f951,TRA,TRA-PLAN,,,2,ACTIVO,,,Legajo 25750
bbc16d4b-9268-4b0b-99b5-a18f80a2561d,TRA,TRA-PLAN,,,2,ACTIVO,,,Legajo 25706
99aa5c5f-930d-42d3-8245-1fcb35b04ef1,TRA,TRA-PLAN,,,2,ACTIVO,,,Legajo 26123
39a9ec43-1f87-4258-bc6f-e0f7cd83c966,TRA,TRA-PLAN,,,2,ACTIVO,,,Legajo 26636
bd9f18f6-ee26-41e7-8640-92ea026ce5aa,TRA,TRA-PLAN,,,2,ACTIVO,,,Legajo 25741
0fe75194-c474-4781-85ac-4d43417008e9,TRA,TRA-PLAN,,,2,ACTIVO,,,Legajo 26010
7a8aded7-ec2c-413d-8ff6-6745c343615c,TRA,TRA-PLAN,,,2,ACTIVO,,,Legajo 25897
fbe3f37e-84f6-416a-a282-e49d59ac4fe7,TRA,TRA-PLAN,,,2,ACTIVO,,,Legajo 26134
0b28b277-1c76-4edc-9677-c1088fef10ba,TRA,TRA-PLAN,,,2,ACTIVO,,,Legajo 26339
9e419714-2b08-4ca5-85a2-e973a3d68de6,TRA,TRA-PLAN,,,2,ACTIVO,,,Legajo 25749
74532276-56e9-4960-b858-39cc2a08a171,TRA,TRA-PLAN,,,2,ACTIVO,,,Legajo 25695
a06d9d78-79db-4c10-ba76-d55e2887df22,TRA,TRA-PLAN,,,2,ACTIVO,,,Legajo 26623
1930231c-30d0-403c-b94b-1c377f44bc05,TRA,TRA-PLAN,,,2,ACTIVO,,,Legajo 25725
373be767-d807-4d64-b830-cebe3d7fab05,TRA,TRA-PLAN,,,2,ACTIVO,,,Legajo 25789
02290318-887c-47e7-9d0d-6265d9e2e3b5,TRA,TRA-PLAN,,,3,ACTIVO,,,Legajo 26307
315b0dc3-cb35-4b9f-b267-f176ddaee984,TRA,TRA-PLAN,,,3,ACTIVO,,,Legajo 26477
4280b757-da5d-48e8-a783-96abb64d6021,TRA,TRA-PLAN,,,3,ACTIVO,,,Legajo 25994
ed4dcadd-91a0-46ad-b6c8-9f1241e9ea67,TRA,TRA-PLAN,,,3,ACTIVO,,,Legajo 26504
4f6ac700-f535-4635-8457-29950dfbef8b,TRA,TRA-PLAN,,,3,ACTIVO,,,Legajo 26525
f393ceab-0d5e-4144-9e0a-26a739567292,TRA,TRA-PLAN,,,3,ACTIVO,,,Legajo 26203
92621e8f-e00c-4f90-87a1-3f09f6214dba,TRA,TRA-PLAN,,,3,ACTIVO,,,Legajo 25765
20546ca3-dd4c-4920-b249-9fb63522c1ac,TRA,TRA-PLAN,,,3,ACTIVO,,,Legajo 26657
b627eda8-3ec5-4ece-863c-84032fd1f99a,TRA,TRA-PLAN,,,3,ACTIVO,,,Legajo 26511
16d98bd8-8c36-4034-b133-b672904425cc,TRA,TRA-PLAN,,,3,ACTIVO,,,Legajo 26647
5359f7dd-a861-46e0-a3bb-cf53040dd750,TRA,TRA-PLAN,,,3,ACTIVO,,,Legajo 26665
2cd7824d-a0d9-46fd-b157-d7c20e439748,TRA,TRA-PLAN,,,3,ACTIVO,,,Legajo 26514
2008b5ca-c0c6-4cd8-919b-367c96031aa8,TRA,TRA-PLAN,,,3,ACTIVO,,,Legajo 25412
e3bf7572-19f1-4daf-b0a4-8fd5947e9169,TRA,TRA-PLAN,,,3,ACTIVO,,,Legajo 25477
9f5cf560-6b0b-40c3-b120-1d6719702235,TRA,TRA-PLAN,,,3,ACTIVO,,,Legajo 26072
cc7b5455-609d-468f-9ecc-d9632385ef7c,TRA,TRA-PLAN,,,3,ACTIVO,,,Legajo 26012
9e33587d-1850-44e6-b236-29688aa9ea9e,TRA,TRA-PLAN,,,3,ACTIVO,,,Legajo 25423
66e867d2-df41-4e27-9f0d-639ca117bfa7,TRA,TRA-PLAN,,,3,ACTIVO,,,Legajo 26423
ad9ca94d-6f38-4978-a8b3-711410c20aef,TRA,TRA-PLAN,,,3,ACTIVO,,,Legajo 26201
cfb4d636-18e5-4b68-ad35-013e1312f428,TRA,TRA-PLAN,,,3,ACTIVO,,,Legajo 25463
9f615663-e72c-4e6f-8256-76b3c83c199e,LAB,LAB-2024,,,1,ACTIVO,,,Legajo 26048 | Plan Laboratorio 2024 confirmado.
2f3aebc7-1cc7-40ec-94c4-193af1565284,LAB,LAB-2024,,,1,ACTIVO,,,Legajo 26463 | Plan Laboratorio 2024 confirmado.
3e549d1d-0756-4fb9-86e7-a490e91de3b4,LAB,LAB-2024,,,1,ACTIVO,,,Legajo 26762 | Plan Laboratorio 2024 confirmado.
0bc5a204-91c3-4013-8934-cdb1d0e43e65,LAB,LAB-2024,,,1,ACTIVO,,,Legajo 26245 | Plan Laboratorio 2024 confirmado.
8a9f5399-d8aa-4777-9e45-63c029266506,LAB,LAB-2024,,,1,ACTIVO,,,Legajo 26430 | Plan Laboratorio 2024 confirmado.
2a922fef-8f7b-44c4-a96d-41219848e562,LAB,LAB-2024,,,1,ACTIVO,,,Legajo 26694 | Plan Laboratorio 2024 confirmado.
77093d39-c2a6-478b-9e8b-4bffe63168b9,LAB,LAB-2024,,,1,ACTIVO,,,Legajo 26312 | Plan Laboratorio 2024 confirmado.
a64e019c-dcef-4251-a62d-94273df6376d,LAB,LAB-2024,,,1,ACTIVO,,,Legajo 26611 | Plan Laboratorio 2024 confirmado.
30ee9aa7-1428-4811-8f71-1f9d8a2b90f8,LAB,LAB-2024,,,1,ACTIVO,,,Legajo 26714 | Plan Laboratorio 2024 confirmado.
11aa4559-563e-460e-8936-57487e820dc7,LAB,LAB-2024,,,1,ACTIVO,,,Legajo 26065 | Plan Laboratorio 2024 confirmado.
a6ff4819-feb5-4968-8f4c-edf84735d4c3,LAB,LAB-2024,,,1,ACTIVO,,,Legajo 26639 | Plan Laboratorio 2024 confirmado.
b6e0f36d-2d6e-427b-8309-60ea4da69ce8,LAB,LAB-2024,,,1,ACTIVO,,,Legajo 26465 | Plan Laboratorio 2024 confirmado.
11a364b5-51a7-43d0-a715-df32e125fa75,LAB,LAB-2024,,,1,ACTIVO,,,Legajo 26643 | Plan Laboratorio 2024 confirmado.
b3cd16f0-83e8-4634-bf05-dd352462cb00,LAB,LAB-2024,,,1,ACTIVO,,,Legajo 25531 | Plan Laboratorio 2024 confirmado.
fdf34901-85a4-49ee-9d37-b9ad5c407a1d,LAB,LAB-2024,,,1,ACTIVO,,,Legajo 26580 | Plan Laboratorio 2024 confirmado.
c498edf5-91e9-42fd-8dd3-a779c49a14fd,LAB,LAB-2024,,,1,ACTIVO,,,Legajo 26659 | Plan Laboratorio 2024 confirmado.
7d2e9818-4ec5-44b6-89ed-6cae3b0bd357,LAB,LAB-2024,,,1,ACTIVO,,,Legajo 25780 | Plan Laboratorio 2024 confirmado.
47b7a2b6-c661-4ea2-af31-777f010320d0,LAB,LAB-2024,,,1,ACTIVO,,,Legajo 25781 | Plan Laboratorio 2024 confirmado.
6741b5f1-fa0a-4c07-a515-2788e29724f8,LAB,LAB-2024,,,1,ACTIVO,,,Legajo 26281 | Plan Laboratorio 2024 confirmado.
4b52ed09-e291-4e5b-aa90-1a1b2f5101c1,LAB,LAB-2024,,,1,ACTIVO,,,Legajo 26275 | Plan Laboratorio 2024 confirmado.
a35c0c47-6bd6-4a45-81cf-881152086b97,LAB,LAB-2024,,,1,ACTIVO,,,Legajo 26094 | Plan Laboratorio 2024 confirmado.
6d71a8ea-40a5-40a6-a4d4-ea742922702b,LAB,LAB-2024,,,1,ACTIVO,,,Legajo 26248 | Plan Laboratorio 2024 confirmado.
cb78a1b3-bc56-44f6-b216-72cd405ecdf7,LAB,LAB-2024,,,1,ACTIVO,,,Legajo 26516 | Plan Laboratorio 2024 confirmado.
9af6f666-a9f9-4249-9e89-2ff08e4c921f,LAB,LAB-2024,,,1,ACTIVO,,,Legajo 26351 | Plan Laboratorio 2024 confirmado.
f3eabd04-fec5-46c5-be70-1bfed03dbb82,LAB,LAB-2024,,,1,ACTIVO,,,Legajo 26340 | Plan Laboratorio 2024 confirmado.
2b466440-f001-48de-a257-831d91bcf06f,LAB,LAB-2024,,,1,ACTIVO,,,Legajo 26439 | Plan Laboratorio 2024 confirmado.
9c36357d-b259-4889-80cc-3495de04f17b,LAB,LAB-2024,,,1,ACTIVO,,,Legajo 26244 | Plan Laboratorio 2024 confirmado.
c5b734d2-f011-467a-9ee2-e3db1b85c008,LAB,LAB-2024,,,2,ACTIVO,,,Legajo 25774 | Plan Laboratorio 2024 confirmado.
3ccbb021-dee5-41cb-81e3-3a7c288cf7cb,LAB,LAB-2024,,,2,ACTIVO,,,Legajo 25783 | Plan Laboratorio 2024 confirmado.
cca2c3d2-9994-448a-90b3-e3fe0c936ade,LAB,LAB-2024,,,2,ACTIVO,,,Legajo 26614 | Plan Laboratorio 2024 confirmado.
74e21224-07d7-4bbf-b01a-1a6f1a2183b4,LAB,LAB-2024,,,2,ACTIVO,,,Legajo 26809 | Plan Laboratorio 2024 confirmado.
fbb5c880-348f-4cd7-9fec-ba317ccc45b3,LAB,LAB-2024,,,2,ACTIVO,,,Legajo 26673 | Plan Laboratorio 2024 confirmado.
ade5712c-635b-4448-a46d-502909a7afb2,LAB,LAB-2024,,,2,ACTIVO,,,Legajo 26543 | Plan Laboratorio 2024 confirmado.
c6a823cd-f081-433f-b3b7-976318527865,LAB,LAB-2024,,,2,ACTIVO,,,Legajo 26005 | Plan Laboratorio 2024 confirmado.
4e235540-8144-4cbf-9224-eaf30d25199c,LAB,LAB-2024,,,2,ACTIVO,,,Legajo 25732 | Plan Laboratorio 2024 confirmado.
92cb2775-7078-4089-8cf7-774998da0d33,LAB,LAB-2024,,,2,ACTIVO,,,Legajo 25751 | Plan Laboratorio 2024 confirmado.
137f945c-88ef-44ad-bf64-08f235d879e9,LAB,LAB-2024,,,2,ACTIVO,,,Legajo 25875 | Plan Laboratorio 2024 confirmado.
dcaa26f2-2b64-4235-a9e5-3442fd95ec58,LAB,LAB-2024,,,2,ACTIVO,,,Legajo 26125 | Plan Laboratorio 2024 confirmado.
b04146e8-8d13-4a85-a29b-abbacf4d5a48,LAB,LAB-2024,,,2,ACTIVO,,,Legajo 25766 | Plan Laboratorio 2024 confirmado.
b82e8683-7ec5-48d1-b61a-49634d018bb5,LAB,LAB-2024,,,2,ACTIVO,,,Legajo 26206 | Plan Laboratorio 2024 confirmado.
04382e88-12f6-4594-a288-f06b7422bb8e,LAB,LAB-2024,,,2,ACTIVO,,,Legajo 26278 | Plan Laboratorio 2024 confirmado.
a4a0b01b-81a2-4d99-a67b-38f067edced4,LAB,LAB-2024,,,2,ACTIVO,,,Legajo 26675 | Plan Laboratorio 2024 confirmado.
733e5607-3af8-4024-94a8-fb6c26bb4be4,LAB,LAB-2024,,,2,ACTIVO,,,Legajo 26301 | Plan Laboratorio 2024 confirmado.
424718eb-949b-4ad9-8ca4-65b9319d794d,LAB,LAB-2024,,,2,ACTIVO,,,Legajo 26589 | Plan Laboratorio 2024 confirmado.
5e94b23e-7553-4349-9fdf-67da0fbf3458,LAB,LAB-2024,,,2,ACTIVO,,,Legajo 25753 | Plan Laboratorio 2024 confirmado.
b72d786b-2a5d-4a5b-bdb2-6b4dfbe9e8aa,LAB,LAB-2024,,,2,ACTIVO,,,Legajo 26124 | Plan Laboratorio 2024 confirmado.
5632c755-d561-48ec-a3bd-fee7904ded43,LAB,LAB-2024,,,2,ACTIVO,,,Legajo 25895 | Plan Laboratorio 2024 confirmado.
017c42c1-bff3-4e15-b2ae-5d2b19ed5782,LAB,LAB-2024,,,2,ACTIVO,,,Legajo 25907 | Plan Laboratorio 2024 confirmado.
ab6f06db-7da1-417e-9ecc-ee2b9c916fae,LAB,LAB-2024,,,3,ACTIVO,,,Legajo 26671 | Plan Laboratorio 2024 confirmado.
56768042-ee0f-4c05-a30c-f6b445a0808f,LAB,LAB-2024,,,3,ACTIVO,,,Legajo 26551 | Plan Laboratorio 2024 confirmado.
cfc259b1-fe7a-4ea1-b1e5-3354f82d7d2f,LAB,LAB-2024,,,3,ACTIVO,,,Legajo 26422 | Plan Laboratorio 2024 confirmado.
a4d1a0b2-c241-4bce-aa01-0ababef5312e,LAB,LAB-2024,,,3,ACTIVO,,,Legajo 26184 | Plan Laboratorio 2024 confirmado.
60f7a04c-900c-409f-af8a-0b05f3f788e0,LAB,LAB-2024,,,3,ACTIVO,,,Legajo 25484 | Plan Laboratorio 2024 confirmado.
fae0e8b6-fdf8-4d32-9fc5-afbc68660a0f,LAB,LAB-2024,,,3,ACTIVO,,,Legajo 26183 | Plan Laboratorio 2024 confirmado.
f4196878-11cc-4eae-9968-17e43eccd90e,TUR,TUR-PLAN,,,1,ACTIVO,,,Legajo 26638
eb681315-2a2a-467d-8381-b4da5d26f88f,TUR,TUR-PLAN,,,1,ACTIVO,,,Legajo 26569
11b7af2d-385c-4305-841d-27d49a65a90a,TUR,TUR-PLAN,,,1,ACTIVO,,,Legajo 26396
18d0f89e-bcaa-4ab6-83da-e3d8a94b7c03,TUR,TUR-PLAN,,,1,ACTIVO,,,Legajo 25980
8b5e1d5d-b15d-4333-b523-6fdfe6fe0c26,TUR,TUR-PLAN,,,1,ACTIVO,,,Legajo 25832
60b46530-ffe9-4935-8850-f77ea67aebf0,TUR,TUR-PLAN,,,1,ACTIVO,,,Legajo 25858
c73c750a-123a-494f-98a5-7b6e39c597ef,TUR,TUR-PLAN,,,1,ACTIVO,,,Legajo 26015
3d6a1da4-001c-44c1-895d-5a1a3b906aa8,TUR,TUR-PLAN,,,1,ACTIVO,,,Legajo 26570
fdd82b04-e68e-4475-9bd2-d62de7f8240c,TUR,TUR-PLAN,,,1,ACTIVO,,,Legajo 25993
e7911dc9-648f-4618-8330-94b58bab4037,TUR,TUR-PLAN,,,1,ACTIVO,,,Legajo 26440
7d223b02-164d-4710-8463-6c1a7bc06b6c,TUR,TUR-PLAN,,,1,ACTIVO,,,Legajo 26841
342ba1c8-c239-4d86-a0c0-23eb653350ad,TUR,TUR-PLAN,,,1,ACTIVO,,,Legajo 26341
49a66e49-c68e-42c4-958a-5357af981344,TUR,TUR-PLAN,,,1,ACTIVO,,,Legajo 26276
8df85773-236c-44dd-85dc-b0bba8a231ce,TUR,TUR-PLAN,,,1,ACTIVO,,,Legajo 25992
4dee0f45-07f3-469b-95e7-4bd3de919e5a,TUR,TUR-PLAN,,,1,ACTIVO,,,Legajo 26426
0b572915-c710-47ef-8ca7-90bcc13e4f52,TUR,TUR-PLAN,,,1,ACTIVO,,,Legajo 26488
42ac9594-380e-4c18-8bee-b525580ab2f0,TUR,TUR-PLAN,,,1,ACTIVO,,,Legajo 26433
3ab6104e-6b19-4ec4-98e0-a03de771c4a1,TUR,TUR-PLAN,,,1,ACTIVO,,,Legajo 26147
16714c82-a34b-4c43-942e-06a460300adc,TUR,TUR-PLAN,,,1,ACTIVO,,,Legajo 25828
65d4c1f5-348c-4186-8c3d-cf55fd01c1f6,TUR,TUR-PLAN,,,1,ACTIVO,,,Legajo 26578
7df81ec6-6770-4fa4-8f4e-dc3b43955ec5,TUR,TUR-PLAN,,,1,ACTIVO,,,Legajo 26478
6b0f2079-0b8b-4223-843b-0da866499f0e,TUR,TUR-PLAN,,,2,ACTIVO,,,Legajo 26456
4af884e2-28ce-469a-b5f3-466aa0530d93,TUR,TUR-PLAN,,,2,ACTIVO,,,Legajo 26346
5f9ae12a-0da3-46c6-8303-10f829c7079a,TUR,TUR-PLAN,,,2,ACTIVO,,,Legajo 26427
6e0a2622-83d1-4520-bacd-8d8e3bd12a75,TUR,TUR-PLAN,,,2,ACTIVO,,,Legajo 26693
c90493c4-3285-443c-be91-bb03f842d2a0,TUR,TUR-PLAN,,,2,ACTIVO,,,Legajo 26425
8aa9bf71-8317-41c7-be9a-37fd10d6f2db,TUR,TUR-PLAN,,,2,ACTIVO,,,Legajo 25764
cd31fc82-5310-4aff-b4a2-35f6cae95036,TUR,TUR-PLAN,,,3,ACTIVO,,,Legajo 26273
6a6922e0-d580-4f2d-ae80-eeb5371a07d2,TUR,TUR-PLAN,,,3,ACTIVO,,,Legajo 25696
cd14e657-152e-4240-98bf-9725bb885faa,TUR,TUR-PLAN,,,3,ACTIVO,,,Legajo 26460
e861f85a-3347-44d1-b34f-5793a0c92aec,TUR,TUR-PLAN,,,3,ACTIVO,,,Legajo 26483
e067df29-6d59-42b2-9961-0dd096e5ad31,TUR,TUR-PLAN,,,3,ACTIVO,,,Legajo 26424
7c5d1688-262f-48a3-82c0-c77ef04cd5f8,TUR,TUR-PLAN,,,3,ACTIVO,,,Legajo 26145
a06d8028-e824-4ebb-9201-aca1a5edede6,TUR,TUR-PLAN,,,3,ACTIVO,,,Legajo 26455
9cc2371a-b45c-4ee4-ad2a-df9d474604a3,TUR,TUR-PLAN,,,3,ACTIVO,,,Legajo 26473
64ebeb45-d164-4389-b4b4-946705ecd2d0,TUR,TUR-PLAN,,,3,ACTIVO,,,Legajo 25942
97f2f681-18bd-42fe-81bf-71cfb008a510,TUR,TUR-PLAN,,,3,ACTIVO,,,Legajo 26418
8a8be5a3-8f8e-42a2-b57b-3a75c4bb9e88,TUR,TUR-PLAN,,,3,ACTIVO,,,Legajo 26616
840fd9e7-c461-4faf-a6a0-829ced5ae876,TUR,TUR-PLAN,,,3,ACTIVO,,,Legajo 25908