plan_codigo,materia_destino_codigo,materia_requerida_codigo,tipo_correlativa,requisito,grupo_logico,aplica_para,estado,observaciones
GEO-PLAN,GEO10,GEO02,REGULAR,APROBADA,,CURSAR_Y_RENDIR,ACTIVA,
GEO-PLAN,GEO11,GEO01,REGULAR,APROBADA,,CURSAR_Y_RENDIR,ACTIVA,
GEO-PLAN,GEO12,GEO04,REGULAR,APROBADA,,CURSAR_Y_RENDIR,ACTIVA,
GEO-PLAN,GEO13,GEO04,REGULAR,APROBADA,,CURSAR_Y_RENDIR,ACTIVA,
GEO-PLAN,GEO15,GEO05,REGULAR,APROBADA,,CURSAR_Y_RENDIR,ACTIVA,
GEO-PLAN,GEO16,GEO06,REGULAR,APROBADA,,CURSAR_Y_RENDIR,ACTIVA,
GEO-PLAN,GEO21,GEO09,REGULAR,APROBADA,,CURSAR_Y_RENDIR,ACTIVA,
GEO-PLAN,GEO22,GEO10,REGULAR,APROBADA,,CURSAR_Y_RENDIR,ACTIVA,
GEO-PLAN,GEO23,GEO11,REGULAR,APROBADA,,CURSAR_Y_RENDIR,ACTIVA,
GEO-PLAN,GEO24,GEO12,REGULAR,APROBADA,,CURSAR_Y_RENDIR,ACTIVA,
GEO-PLAN,GEO25,GEO15,REGULAR,APROBADA,,CURSAR_Y_RENDIR,ACTIVA,
GEO-PLAN,GEO26,GEO17,REGULAR,APROBADA,,CURSAR_Y_RENDIR,ACTIVA,
GEO-PLAN,GEO30,GEO10,REGULAR,APROBADA,,CURSAR_Y_RENDIR,ACTIVA,
GEO-PLAN,GEO30,GEO16,REGULAR,APROBADA,,CURSAR_Y_RENDIR,ACTIVA,
GEO-PLAN,GEO30,GEO17,REGULAR,APROBADA,,CURSAR_Y_RENDIR,ACTIVA,
GEO-PLAN,GEO30,GEO21,REGULAR,APROBADA,,CURSAR_Y_RENDIR,ACTIVA,
GEO-PLAN,GEO33,GEO22,REGULAR,APROBADA,,CURSAR_Y_RENDIR,ACTIVA,
GEO-PLAN,GEO34,GEO26,REGULAR,APROBADA,,CURSAR_Y_RENDIR,ACTIVA,
GEO-PLAN,GEO36,GEO26,REGULAR,APROBADA,,CURSAR_Y_RENDIR,ACTIVA,
GEO-PLAN,GEO36,GEO27,REGULAR,APROBADA,,CURSAR_Y_RENDIR,ACTIVA,
GEO-PLAN,GEO38,GEO22,REGULAR,APROBADA,,CURSAR_Y_RENDIR,ACTIVA,
GEO-PLAN,GEO38,GEO27,REGULAR,APROBADA,,CURSAR_Y_RENDIR,ACTIVA,
GEO-PLAN,GEO38,GEO28,REGULAR,APROBADA,,CURSAR_Y_RENDIR,ACTIVA,
GEO-PLAN,GEO38,GEO29,REGULAR,APROBADA,,CURSAR_Y_RENDIR,ACTIVA,
GEO-PLAN,GEO38,GEO30,REGULAR,APROBADA,,CURSAR_Y_RENDIR,ACTIVA,
TRA-PLAN,TRA11,TRA01,REGULAR,APROBADA,,CURSAR_Y_RENDIR,ACTIVA,
TRA-PLAN,TRA11,TRA02,REGULAR,APROBADA,,CURSAR_Y_RENDIR,ACTIVA,
TRA-PLAN,TRA11,TRA03,REGULAR,APROBADA,,CURSAR_Y_RENDIR,ACTIVA,
TRA-PLAN,TRA12,TRA01,REGULAR,APROBADA,,CURSAR_Y_RENDIR,ACTIVA,
TRA-PLAN,TRA12,TRA02,REGULAR,APROBADA,,CURSAR_Y_RENDIR,ACTIVA,
TRA-PLAN,TRA13,TRA01,REGULAR,APROBADA,,CURSAR_Y_RENDIR,ACTIVA,
TRA-PLAN,TRA13,TRA03,REGULAR,APROBADA,,CURSAR_Y_RENDIR,ACTIVA,
TRA-PLAN,TRA14,TRA01,REGULAR,APROBADA,,CURSAR_Y_RENDIR,ACTIVA,
TRA-PLAN,TRA14,TRA04,REGULAR,APROBADA,,CURSAR_Y_RENDIR,ACTIVA,
TRA-PLAN,TRA15,TRA05,REGULAR,APROBADA,,CURSAR_Y_RENDIR,ACTIVA,
TRA-PLAN,TRA15,TRA09,REGULAR,APROBADA,,CURSAR_Y_RENDIR,ACTIVA,
TRA-PLAN,TRA16,TRA01,REGULAR,APROBADA,,CURSAR_Y_RENDIR,ACTIVA,
TRA-PLAN,TRA16,TRA06,REGULAR,APROBADA,,CURSAR_Y_RENDIR,ACTIVA,
TRA-PLAN,TRA17,TRA04,REGULAR,APROBADA,,CURSAR_Y_RENDIR,ACTIVA,
TRA-PLAN,TRA17,TRA07,REGULAR,APROBADA,,CURSAR_Y_RENDIR,ACTIVA,
TRA-PLAN,TRA18,TRA04,REGULAR,APROBADA,,CURSAR_Y_RENDIR,ACTIVA,
TRA-PLAN,TRA18,TRA07,REGULAR,APROBADA,,CURSAR_Y_RENDIR,ACTIVA,
TRA-PLAN,TRA19,TRA01,REGULAR,APROBADA,,CURSAR_Y_RENDIR,ACTIVA,
TRA-PLAN,TRA19,TRA04,REGULAR,APROBADA,,CURSAR_Y_RENDIR,ACTIVA,
TRA-PLAN,TRA19,TRA10,REGULAR,APROBADA,,CURSAR_Y_RENDIR,ACTIVA,
TRA-PLAN,TRA20,TRA11,REGULAR,APROBADA,,CURSAR_Y_RENDIR,ACTIVA,
TRA-PLAN,TRA20,TRA12,REGULAR,APROBADA,,CURSAR_Y_RENDIR,ACTIVA,
TRA-PLAN,TRA20,TRA13,REGULAR,APROBADA,,CURSAR_Y_RENDIR,ACTIVA,
TRA-PLAN,TRA20,TRA15,REGULAR,APROBADA,,CURSAR_Y_RENDIR,ACTIVA,
TRA-PLAN,TRA21,TRA11,REGULAR,APROBADA,,CURSAR_Y_RENDIR,ACTIVA,
TRA-PLAN,TRA21,TRA12,REGULAR,APROBADA,,CURSAR_Y_RENDIR,ACTIVA,
TRA-PLAN,TRA22,TRA17,REGULAR,APROBADA,,CURSAR_Y_RENDIR,ACTIVA,
TRA-PLAN,TRA22,TRA18,REGULAR,APROBADA,,CURSAR_Y_RENDIR,ACTIVA,
TRA-PLAN,TRA23,TRA11,REGULAR,APROBADA,,CURSAR_Y_RENDIR,ACTIVA,
TRA-PLAN,TRA23,TRA13,REGULAR,APROBADA,,CURSAR_Y_RENDIR,ACTIVA,
TRA-PLAN,TRA23,TRA18,REGULAR,APROBADA,,CURSAR_Y_RENDIR,ACTIVA,
TRA-PLAN,TRA24,TRA11,REGULAR,APROBADA,,CURSAR_Y_RENDIR,ACTIVA,
TRA-PLAN,TRA24,TRA16,REGULAR,APROBADA,,CURSAR_Y_RENDIR,ACTIVA,
TRA-PLAN,TRA25,TRA11,REGULAR,APROBADA,,CURSAR_Y_RENDIR,ACTIVA,
TRA-PLAN,TRA25,TRA12,REGULAR,APROBADA,,CURSAR_Y_RENDIR,ACTIVA,
TRA-PLAN,TRA25,TRA18,REGULAR,APROBADA,,CURSAR_Y_RENDIR,ACTIVA,
TRA-PLAN,TRA26,TRA19,REGULAR,APROBADA,,CURSAR_Y_RENDIR,ACTIVA,
TRA-PLAN,TRA27,TRA11,REGULAR,APROBADA,,CURSAR_Y_RENDIR,ACTIVA,
TRA-PLAN,TRA27,TRA16,REGULAR,APROBADA,,CURSAR_Y_RENDIR,ACTIVA,
TRA-PLAN,TRA28,TRA11,REGULAR,APROBADA,,CURSAR_Y_RENDIR,ACTIVA,
TRA-PLAN,TRA28,TRA12,REGULAR,APROBADA,,CURSAR_Y_RENDIR,ACTIVA,
TRA-PLAN,TRA28,TRA19,REGULAR,APROBADA,,CURSAR_Y_RENDIR,ACTIVA,
TUR-PLAN,TUR14,TUR01,REGULAR,APROBADA,,CURSAR_Y_RENDIR,ACTIVA,
TUR-PLAN,TUR14,TUR06,REGULAR,APROBADA,,CURSAR_Y_RENDIR,ACTIVA,
TUR-PLAN,TUR14,TUR07,REGULAR,APROBADA,,CURSAR_Y_RENDIR,ACTIVA,
TUR-PLAN,TUR15,TUR02,REGULAR,APROBADA,,CURSAR_Y_RENDIR,ACTIVA,
TUR-PLAN,TUR16,TUR01,REGULAR,APROBADA,,CURSAR_Y_RENDIR,ACTIVA,
TUR-PLAN,TUR16,TUR06,REGULAR,APROBADA,,CURSAR_Y_RENDIR,ACTIVA,
TUR-PLAN,TUR17,TUR01,REGULAR,APROBADA,,CURSAR_Y_RENDIR,ACTIVA,
TUR-PLAN,TUR17,TUR12,REGULAR,APROBADA,,CURSAR_Y_RENDIR,ACTIVA,
TUR-PLAN,TUR18,TUR10,REGULAR,APROBADA,,CURSAR_Y_RENDIR,ACTIVA,
TUR-PLAN,TUR19,TUR01,REGULAR,APROBADA,,CURSAR_Y_RENDIR,ACTIVA,
TUR-PLAN,TUR19,TUR03,REGULAR,APROBADA,,CURSAR_Y_RENDIR,ACTIVA,
TUR-PLAN,TUR19,TUR06,REGULAR,APROBADA,,CURSAR_Y_RENDIR,ACTIVA,
TUR-PLAN,TUR19,TUR12,REGULAR,APROBADA,,CURSAR_Y_RENDIR,ACTIVA,
TUR-PLAN,TUR21,TUR08,REGULAR,APROBADA,,CURSAR_Y_RENDIR,ACTIVA,
TUR-PLAN,TUR22,TUR01,REGULAR,APROBADA,,CURSAR_Y_RENDIR,ACTIVA,
TUR-PLAN,TUR22,TUR03,REGULAR,APROBADA,,CURSAR_Y_RENDIR,ACTIVA,
TUR-PLAN,TUR22,TUR05,REGULAR,APROBADA,,CURSAR_Y_RENDIR,ACTIVA,
TUR-PLAN,TUR22,TUR06,REGULAR,APROBADA,,CURSAR_Y_RENDIR,ACTIVA,
TUR-PLAN,TUR22,TUR11,REGULAR,APROBADA,,CURSAR_Y_RENDIR,ACTIVA,
TUR-PLAN,TUR22,TUR12,REGULAR,APROBADA,,CURSAR_Y_RENDIR,ACTIVA,
TUR-PLAN,TUR23,TUR14,REGULAR,APROBADA,,CURSAR_Y_RENDIR,ACTIVA,
TUR-PLAN,TUR23,TUR16,REGULAR,APROBADA,,CURSAR_Y_RENDIR,ACTIVA,
TUR-PLAN,TUR23,TUR17,REGULAR,APROBADA,,CURSAR_Y_RENDIR,ACTIVA,
TUR-PLAN,TUR23,TUR19,REGULAR,APROBADA,,CURSAR_Y_RENDIR,ACTIVA,
TUR-PLAN,TUR24,TUR15,REGULAR,APROBADA,,CURSAR_Y_RENDIR,ACTIVA,
TUR-PLAN,TUR25,TUR17,REGULAR,APROBADA,,CURSAR_Y_RENDIR,ACTIVA,
TUR-PLAN,TUR25,TUR19,REGULAR,APROBADA,,CURSAR_Y_RENDIR,ACTIVA,
TUR-PLAN,TUR26,TUR15,REGULAR,APROBADA,,CURSAR_Y_RENDIR,ACTIVA,
TUR-PLAN,TUR26,TUR17,REGULAR,APROBADA,,CURSAR_Y_RENDIR,ACTIVA,
TUR-PLAN,TUR26,TUR18,REGULAR,APROBADA,,CURSAR_Y_RENDIR,ACTIVA,
TUR-PLAN,TUR26,TUR19,REGULAR,APROBADA,,CURSAR_Y_RENDIR,ACTIVA,
TUR-PLAN,TUR26,TUR21,REGULAR,APROBADA,,CURSAR_Y_RENDIR,ACTIVA,
TUR-PLAN,TUR27,TUR17,REGULAR,APROBADA,,CURSAR_Y_RENDIR,ACTIVA,
TUR-PLAN,TUR30,TUR20,REGULAR,APROBADA,,CURSAR_Y_RENDIR,ACTIVA,
TUR-PLAN,TUR31,TUR21,REGULAR,APROBADA,,CURSAR_Y_RENDIR,ACTIVA,
TUR-PLAN,TUR32,TUR22,REGULAR,APROBADA,,CURSAR_Y_RENDIR,ACTIVA,
TUR-PLAN,TUR33,TUR13,REGULAR,APROBADA,,CURSAR_Y_RENDIR,ACTIVA,
QUI-PLAN,QUI12,QUI01,REGULAR,APROBADA,,CURSAR_Y_RENDIR,ACTIVA,
QUI-PLAN,QUI13,QUI01,REGULAR,APROBADA,,CURSAR_Y_RENDIR,ACTIVA,
QUI-PLAN,QUI13,QUI02,REGULAR,APROBADA,,CURSAR_Y_RENDIR,ACTIVA,
QUI-PLAN,QUI14,QUI02,REGULAR,APROBADA,,CURSAR_Y_RENDIR,ACTIVA,
QUI-PLAN,QUI14,QUI03,REGULAR,APROBADA,,CURSAR_Y_RENDIR,ACTIVA,
QUI-PLAN,QUI15,QUI04,REGULAR,APROBADA,,CURSAR_Y_RENDIR,ACTIVA,
QUI-PLAN,QUI15,QUI06,REGULAR,APROBADA,,CURSAR_Y_RENDIR,ACTIVA,
QUI-PLAN,QUI15,QUI08,REGULAR,APROBADA,,CURSAR_Y_RENDIR,ACTIVA,
QUI-PLAN,QUI16,QUI06,REGULAR,APROBADA,,CURSAR_Y_RENDIR,ACTIVA,
QUI-PLAN,QUI16,QUI08,REGULAR,APROBADA,,CURSAR_Y_RENDIR,ACTIVA,
QUI-PLAN,QUI17,QUI01,REGULAR,APROBADA,,CURSAR_Y_RENDIR,ACTIVA,
QUI-PLAN,QUI17,QUI02,REGULAR,APROBADA,,CURSAR_Y_RENDIR,ACTIVA,
QUI-PLAN,QUI17,QUI10,REGULAR,APROBADA,,CURSAR_Y_RENDIR,ACTIVA,
QUI-PLAN,QUI17,QUI11,REGULAR,APROBADA,,CURSAR_Y_RENDIR,ACTIVA,
QUI-PLAN,QUI18,QUI06,REGULAR,APROBADA,,CURSAR_Y_RENDIR,ACTIVA,
QUI-PLAN,QUI18,QUI09,REGULAR,APROBADA,,CURSAR_Y_RENDIR,ACTIVA,
QUI-PLAN,QUI19,QUI18,REGULAR,APROBADA,,CURSAR_Y_RENDIR,ACTIVA,
QUI-PLAN,QUI20,QUI06,REGULAR,APROBADA,,CURSAR_Y_RENDIR,ACTIVA,
QUI-PLAN,QUI20,QUI08,REGULAR,APROBADA,,CURSAR_Y_RENDIR,ACTIVA,
QUI-PLAN,QUI21,QUI20,REGULAR,APROBADA,,CURSAR_Y_RENDIR,ACTIVA,
QUI-PLAN,QUI22,QUI11,REGULAR,APROBADA,,CURSAR_Y_RENDIR,ACTIVA,
QUI-PLAN,QUI24,QUI12,REGULAR,APROBADA,,CURSAR_Y_RENDIR,ACTIVA,
QUI-PLAN,QUI25,QUI13,REGULAR,APROBADA,,CURSAR_Y_RENDIR,ACTIVA,
QUI-PLAN,QUI26,QUI15,REGULAR,APROBADA,,CURSAR_Y_RENDIR,ACTIVA,
QUI-PLAN,QUI26,QUI19,REGULAR,APROBADA,,CURSAR_Y_RENDIR,ACTIVA,
QUI-PLAN,QUI27,QUI15,REGULAR,APROBADA,,CURSAR_Y_RENDIR,ACTIVA,
QUI-PLAN,QUI27,QUI17,REGULAR,APROBADA,,CURSAR_Y_RENDIR,ACTIVA,
QUI-PLAN,QUI28,QUI19,REGULAR,APROBADA,,CURSAR_Y_RENDIR,ACTIVA,
QUI-PLAN,QUI28,QUI21,REGULAR,APROBADA,,CURSAR_Y_RENDIR,ACTIVA,
QUI-PLAN,QUI28,QUI23,REGULAR,APROBADA,,CURSAR_Y_RENDIR,ACTIVA,
QUI-PLAN,QUI29,QUI19,REGULAR,APROBADA,,CURSAR_Y_RENDIR,ACTIVA,
QUI-PLAN,QUI29,QUI21,REGULAR,APROBADA,,CURSAR_Y_RENDIR,ACTIVA,
QUI-PLAN,QUI31,QUI15,REGULAR,APROBADA,,CURSAR_Y_RENDIR,ACTIVA,
QUI-PLAN,QUI31,QUI22,REGULAR,APROBADA,,CURSAR_Y_RENDIR,ACTIVA,
QUI-PLAN,QUI32,QUI14,REGULAR,APROBADA,,CURSAR_Y_RENDIR,ACTIVA,
QUI-PLAN,QUI34,QUI25,REGULAR,APROBADA,,CURSAR_Y_RENDIR,ACTIVA,
QUI-PLAN,QUI35,QUI26,REGULAR,APROBADA,,CURSAR_Y_RENDIR,ACTIVA,
QUI-PLAN,QUI35,QUI27,REGULAR,APROBADA,,CURSAR_Y_RENDIR,ACTIVA,
QUI-PLAN,QUI36,QUI26,REGULAR,APROBADA,,CURSAR_Y_RENDIR,ACTIVA,
QUI-PLAN,QUI36,QUI29,REGULAR,APROBADA,,CURSAR_Y_RENDIR,ACTIVA,
QUI-PLAN,QUI37,QUI29,REGULAR,APROBADA,,CURSAR_Y_RENDIR,ACTIVA,
QUI-PLAN,QUI37,QUI30,REGULAR,APROBADA,,CURSAR_Y_RENDIR,ACTIVA,
QUI-PLAN,QUI39,QUI29,REGULAR,APROBADA,,CURSAR_Y_RENDIR,ACTIVA,
ING-PLAN,ING12,ING01,REGULAR,APROBADA,,CURSAR_Y_RENDIR,ACTIVA,
ING-PLAN,ING13,ING01,REGULAR,APROBADA,,CURSAR_Y_RENDIR,ACTIVA,
ING-PLAN,ING13,ING03,REGULAR,APROBADA,,CURSAR_Y_RENDIR,ACTIVA,
ING-PLAN,ING14,ING02,REGULAR,APROBADA,,CURSAR_Y_RENDIR,ACTIVA,
ING-PLAN,ING14,ING05,REGULAR,APROBADA,,CURSAR_Y_RENDIR,ACTIVA,
ING-PLAN,ING15,ING04,REGULAR,APROBADA,,CURSAR_Y_RENDIR,ACTIVA,
ING-PLAN,ING16,ING06,REGULAR,APROBADA,,CURSAR_Y_RENDIR,ACTIVA,
ING-PLAN,ING16,ING09,REGULAR,APROBADA,,CURSAR_Y_RENDIR,ACTIVA,
ING-PLAN,ING17,ING01,REGULAR,APROBADA,,CURSAR_Y_RENDIR,ACTIVA,
ING-PLAN,ING17,ING04,REGULAR,APROBADA,,CURSAR_Y_RENDIR,ACTIVA,
ING-PLAN,ING17,ING07,REGULAR,APROBADA,,CURSAR_Y_RENDIR,ACTIVA,
ING-PLAN,ING17,ING08,REGULAR,APROBADA,,CURSAR_Y_RENDIR,ACTIVA,
ING-PLAN,ING17,ING09,REGULAR,APROBADA,,CURSAR_Y_RENDIR,ACTIVA,
ING-PLAN,ING17,ING10,REGULAR,APROBADA,,CURSAR_Y_RENDIR,ACTIVA,
ING-PLAN,ING18,ING07,REGULAR,APROBADA,,CURSAR_Y_RENDIR,ACTIVA,
ING-PLAN,ING19,ING06,REGULAR,APROBADA,,CURSAR_Y_RENDIR,ACTIVA,
ING-PLAN,ING19,ING08,REGULAR,APROBADA,,CURSAR_Y_RENDIR,ACTIVA,
ING-PLAN,ING19,ING09,REGULAR,APROBADA,,CURSAR_Y_RENDIR,ACTIVA,
ING-PLAN,ING20,ING06,REGULAR,APROBADA,,CURSAR_Y_RENDIR,ACTIVA,
ING-PLAN,ING20,ING08,REGULAR,APROBADA,,CURSAR_Y_RENDIR,ACTIVA,
ING-PLAN,ING20,ING09,REGULAR,APROBADA,,CURSAR_Y_RENDIR,ACTIVA,
ING-PLAN,ING21,ING09,REGULAR,APROBADA,,CURSAR_Y_RENDIR,ACTIVA,
ING-PLAN,ING22,ING09,REGULAR,APROBADA,,CURSAR_Y_RENDIR,ACTIVA,
ING-PLAN,ING23,ING12,REGULAR,APROBADA,,CURSAR_Y_RENDIR,ACTIVA,
ING-PLAN,ING24,ING15,REGULAR,APROBADA,,CURSAR_Y_RENDIR,ACTIVA,
ING-PLAN,ING25,ING16,REGULAR,APROBADA,,CURSAR_Y_RENDIR,ACTIVA,
ING-PLAN,ING25,ING19,REGULAR,APROBADA,,CURSAR_Y_RENDIR,ACTIVA,
ING-PLAN,ING26,ING13,REGULAR,APROBADA,,CURSAR_Y_RENDIR,ACTIVA,
ING-PLAN,ING26,ING14,REGULAR,APROBADA,,CURSAR_Y_RENDIR,ACTIVA,
ING-PLAN,ING26,ING19,REGULAR,APROBADA,,CURSAR_Y_RENDIR,ACTIVA,
ING-PLAN,ING27,ING13,REGULAR,APROBADA,,CURSAR_Y_RENDIR,ACTIVA,
ING-PLAN,ING27,ING16,REGULAR,APROBADA,,CURSAR_Y_RENDIR,ACTIVA,
ING-PLAN,ING27,ING17,REGULAR,APROBADA,,CURSAR_Y_RENDIR,ACTIVA,
ING-PLAN,ING27,ING18,REGULAR,APROBADA,,CURSAR_Y_RENDIR,ACTIVA,
ING-PLAN,ING27,ING19,REGULAR,APROBADA,,CURSAR_Y_RENDIR,ACTIVA,
ING-PLAN,ING27,ING20,REGULAR,APROBADA,,CURSAR_Y_RENDIR,ACTIVA,
ING-PLAN,ING28,ING16,REGULAR,APROBADA,,CURSAR_Y_RENDIR,ACTIVA,
ING-PLAN,ING28,ING19,REGULAR,APROBADA,,CURSAR_Y_RENDIR,ACTIVA,
ING-PLAN,ING28,ING20,REGULAR,APROBADA,,CURSAR_Y_RENDIR,ACTIVA,
ING-PLAN,ING29,ING20,REGULAR,APROBADA,,CURSAR_Y_RENDIR,ACTIVA,
ING-PLAN,ING30,ING19,REGULAR,APROBADA,,CURSAR_Y_RENDIR,ACTIVA,
ING-PLAN,ING30,ING20,REGULAR,APROBADA,,CURSAR_Y_RENDIR,ACTIVA,
ING-PLAN,ING31,ING19,REGULAR,APROBADA,,CURSAR_Y_RENDIR,ACTIVA,
ING-PLAN,ING31,ING21,REGULAR,APROBADA,,CURSAR_Y_RENDIR,ACTIVA,
ING-PLAN,ING32,ING14,REGULAR,APROBADA,,CURSAR_Y_RENDIR,ACTIVA,
ING-PLAN,ING34,ING25,REGULAR,APROBADA,,CURSAR_Y_RENDIR,ACTIVA,
ING-PLAN,ING34,ING28,REGULAR,APROBADA,,CURSAR_Y_RENDIR,ACTIVA,
ING-PLAN,ING35,ING25,REGULAR,APROBADA,,CURSAR_Y_RENDIR,ACTIVA,
ING-PLAN,ING35,ING26,REGULAR,APROBADA,,CURSAR_Y_RENDIR,ACTIVA,
ING-PLAN,ING35,ING28,REGULAR,APROBADA,,CURSAR_Y_RENDIR,ACTIVA,
ING-PLAN,ING36,ING28,REGULAR,APROBADA,,CURSAR_Y_RENDIR,ACTIVA,
ING-PLAN,ING37,ING26,REGULAR,APROBADA,,CURSAR_Y_RENDIR,ACTIVA,
ING-PLAN,ING37,ING27,REGULAR,APROBADA,,CURSAR_Y_RENDIR,ACTIVA,
ING-PLAN,ING37,ING28,REGULAR,APROBADA,,CURSAR_Y_RENDIR,ACTIVA,
ING-PLAN,ING38,ING28,REGULAR,APROBADA,,CURSAR_Y_RENDIR,ACTIVA,
ING-PLAN,ING38,ING29,REGULAR,APROBADA,,CURSAR_Y_RENDIR,ACTIVA,
ING-PLAN,ING39,ING28,REGULAR,APROBADA,,CURSAR_Y_RENDIR,ACTIVA,
ING-PLAN,ING39,ING30,REGULAR,APROBADA,,CURSAR_Y_RENDIR,ACTIVA,
ING-PLAN,ING40,ING28,REGULAR,APROBADA,,CURSAR_Y_RENDIR,ACTIVA,
ING-PLAN,ING40,ING31,REGULAR,APROBADA,,CURSAR_Y_RENDIR,ACTIVA,
LAB-2015,LAB06,LAB05,REGULAR,APROBADA,,CURSAR_Y_RENDIR,ACTIVA,
LAB-2015,LAB09,LAB07,REGULAR,APROBADA,,CURSAR_Y_RENDIR,ACTIVA,
LAB-2015,LAB10,LAB07,REGULAR,APROBADA,,CURSAR_Y_RENDIR,ACTIVA,
LAB-2015,LAB11,LAB01,REGULAR,APROBADA,,CURSAR_Y_RENDIR,ACTIVA,
LAB-2015,LAB12,LAB04,REGULAR,APROBADA,,CURSAR_Y_RENDIR,ACTIVA,
LAB-2015,LAB16,LAB01,REGULAR,APROBADA,,CURSAR_Y_RENDIR,ACTIVA,
LAB-2015,LAB17,LAB08,REGULAR,APROBADA,,CURSAR_Y_RENDIR,ACTIVA,
LAB-2015,LAB18,LAB12,REGULAR,APROBADA,,CURSAR_Y_RENDIR,ACTIVA,
LAB-2015,LAB19,LAB10,REGULAR,APROBADA,,CURSAR_Y_RENDIR,ACTIVA,
LAB-2015,LAB19,LAB11,REGULAR,APROBADA,,CURSAR_Y_RENDIR,ACTIVA,
LAB-2015,LAB19,LAB13,REGULAR,APROBADA,,CURSAR_Y_RENDIR,ACTIVA,
LAB-2015,LAB20,LAB10,REGULAR,APROBADA,,CURSAR_Y_RENDIR,ACTIVA,
LAB-2015,LAB20,LAB11,REGULAR,APROBADA,,CURSAR_Y_RENDIR,ACTIVA,
LAB-2015,LAB20,LAB13,REGULAR,APROBADA,,CURSAR_Y_RENDIR,ACTIVA,
LAB-2015,LAB21,LAB13,REGULAR,APROBADA,,CURSAR_Y_RENDIR,ACTIVA,
LAB-2015,LAB22,LAB13,REGULAR,APROBADA,,CURSAR_Y_RENDIR,ACTIVA,
LAB-2015,LAB23,LAB17,REGULAR,APROBADA,,CURSAR_Y_RENDIR,ACTIVA,
LAB-2015,LAB24,LAB18,REGULAR,APROBADA,,CURSAR_Y_RENDIR,ACTIVA,
LAB-2024,LAB31,LAB30,REGULAR,APROBADA,,CURSAR_Y_RENDIR,ACTIVA,
LAB-2024,LAB34,LAB33,REGULAR,APROBADA,,CURSAR_Y_RENDIR,ACTIVA,
LAB-2024,LAB35,LAB33,REGULAR,APROBADA,,CURSAR_Y_RENDIR,ACTIVA,
LAB-2024,LAB37,LAB29,REGULAR,APROBADA,,CURSAR_Y_RENDIR,ACTIVA,
LAB-2024,LAB40,LAB26,REGULAR,APROBADA,,CURSAR_Y_RENDIR,ACTIVA,
LAB-2024,LAB41,LAB26,REGULAR,APROBADA,,CURSAR_Y_RENDIR,ACTIVA,
LAB-2024,LAB42,LAB32,REGULAR,APROBADA,,CURSAR_Y_RENDIR,ACTIVA,
LAB-2024,LAB43,LAB37,REGULAR,APROBADA,,CURSAR_Y_RENDIR,ACTIVA,
LAB-2024,LAB44,LAB33,REGULAR,APROBADA,,CURSAR_Y_RENDIR,ACTIVA,
LAB-2024,LAB45,LAB35,REGULAR,APROBADA,,CURSAR_Y_RENDIR,ACTIVA,
LAB-2024,LAB45,LAB40,REGULAR,APROBADA,,CURSAR_Y_RENDIR,ACTIVA,
LAB-2024,LAB45,LAB38,REGULAR,APROBADA,,CURSAR_Y_RENDIR,ACTIVA,
LAB-2024,LAB46,LAB38,REGULAR,APROBADA,,CURSAR_Y_RENDIR,ACTIVA,
LAB-2024,LAB47,LAB38,REGULAR,APROBADA,,CURSAR_Y_RENDIR,ACTIVA,
LAB-2024,LAB48,LAB35,REGULAR,APROBADA,,CURSAR_Y_RENDIR,ACTIVA,
LAB-2024,LAB48,LAB40,REGULAR,APROBADA,,CURSAR_Y_RENDIR,ACTIVA,
LAB-2024,LAB48,LAB38,REGULAR,APROBADA,,CURSAR_Y_RENDIR,ACTIVA,
LAB-2024,LAB49,LAB43,REGULAR,APROBADA,,CURSAR_Y_RENDIR,ACTIVA,
