plan_codigo,materia_codigo,docente_codigo,dia,hora_inicio,hora_fin,modalidad,sede,comision,observaciones
TUR-PLAN,TUR09,cf5c0b4a-1826-4c3a-85a4-258b9133afd1,JUEVES,21:10,22:35,PRESENCIAL,SAN MIGUEL,,
TUR-PLAN,TUR11,dc3f4763-8a35-4460-a1e5-05f0857a44fe,LUNES,18:20,19:40,PRESENCIAL,SAN MIGUEL,,
TUR-PLAN,TUR08,fb4aa78f-f4ee-4894-a33c-6695e90552b2,LUNES,19:40,20:20,PRESENCIAL,SAN MIGUEL,,
TUR-PLAN,TUR08,fb4aa78f-f4ee-4894-a33c-6695e90552b2,MIERCOLES,18:20,19:40,PRESENCIAL,SAN MIGUEL,,
TUR-PLAN,TUR18,517aa59a-c1e9-4be6-b871-20133a8e6500,LUNES,18:20,19:40,PRESENCIAL,SAN MIGUEL,,
TUR-PLAN,TUR10,517aa59a-c1e9-4be6-b871-20133a8e6500,LUNES,20:30,21:50,PRESENCIAL,SAN MIGUEL,,
TUR-PLAN,TUR19,dd40d31f-0867-432f-ba2b-a47c68858738,LUNES,19:40,21:10,PRESENCIAL,SAN MIGUEL,,
TUR-PLAN,TUR02,dd40d31f-0867-432f-ba2b-a47c68858738,MARTES,18:20,19:40,PRESENCIAL,SAN MIGUEL,,
TUR-PLAN,TUR15,dd40d31f-0867-432f-ba2b-a47c68858738,MARTES,21:10,22:35,PRESENCIAL,SAN MIGUEL,,
TUR-PLAN,TUR06,d008afe7-730a-4ecc-b6ec-d0eb2d7df9a6,MARTES,19:40,21:10,PRESENCIAL,SAN MIGUEL,,
TUR-PLAN,TUR08,fb4aa78f-f4ee-4894-a33c-6695e90552b2,LUNES,18:20,19:40,PRESENCIAL,SAN MIGUEL,,
TUR-PLAN,TUR07,4ec87727-7475-4a0c-932f-e7f18ea2eaf0,MIERCOLES,19:40,20:20,PRESENCIAL,SAN MIGUEL,,
TUR-PLAN,TUR12,ed98cd68-76e0-4d69-b30e-2b48326dda3e,MIERCOLES,20:30,21:10,PRESENCIAL,SAN MIGUEL,,
TUR-PLAN,TUR12,ed98cd68-76e0-4d69-b30e-2b48326dda3e,MIERCOLES,21:10,22:35,PRESENCIAL,SAN MIGUEL,,
TUR-PLAN,TUR05,8eac82a8-cfc3-4e8c-8d8f-a13f007c8f55,JUEVES,18:20,19:40,PRESENCIAL,SAN MIGUEL,,
TUR-PLAN,TUR04,383ad175-0bcf-4177-b374-a70af3601f1b,JUEVES,19:40,21:10,PRESENCIAL,SAN MIGUEL,,
TUR-PLAN,TUR01,9e7d8af8-1d0d-451b-8348-7999b612a08a,VIERNES,18:20,20:20,PRESENCIAL,SAN MIGUEL,,
TUR-PLAN,TUR03,27192861-43ac-4255-8db0-89ad5d937dee,VIERNES,20:30,22:35,PRESENCIAL,SAN MIGUEL,,
TUR-PLAN,TUR21,eb32d344-cf36-4afb-8edf-164622779432,LUNES,21:10,22:35,PRESENCIAL,SAN MIGUEL,,
TUR-PLAN,TUR16,d008afe7-730a-4ecc-b6ec-d0eb2d7df9a6,MARTES,18:20,19:40,PRESENCIAL,SAN MIGUEL,,
TUR-PLAN,TUR13,860b41c8-a1fc-46c5-8bb9-12fa3920eadc,MARTES,19:40,21:10,PRESENCIAL,SAN MIGUEL,,
TUR-PLAN,TUR22,ed98cd68-76e0-4d69-b30e-2b48326dda3e,MIERCOLES,18:20,20:20,PRESENCIAL,SAN MIGUEL,,
TUR-PLAN,TUR14,4ec87727-7475-4a0c-932f-e7f18ea2eaf0,MIERCOLES,20:30,21:50,PRESENCIAL,SAN MIGUEL,,
TUR-PLAN,TUR22,ed98cd68-76e0-4d69-b30e-2b48326dda3e,JUEVES,18:20,20:20,PRESENCIAL,SAN MIGUEL,,
TUR-PLAN,TUR17,9e7d8af8-1d0d-451b-8348-7999b612a08a,JUEVES,20:30,21:50,PRESENCIAL,SAN MIGUEL,,
TUR-PLAN,TUR20,7770b0fe-d6cb-42d0-b294-a114c7888719,VIERNES,19:40,21:10,PRESENCIAL,SAN MIGUEL,,
TUR-PLAN,TUR31,f5b01498-3206-4f67-9910-119c28089ba1,LUNES,18:20,19:40,PRESENCIAL,SAN MIGUEL,,
TUR-PLAN,TUR25,ed98cd68-76e0-4d69-b30e-2b48326dda3e,LUNES,19:40,21:10,PRESENCIAL,SAN MIGUEL,,
TUR-PLAN,TUR23,ed98cd68-76e0-4d69-b30e-2b48326dda3e,LUNES,21:10,22:35,PRESENCIAL,SAN MIGUEL,,
TUR-PLAN,TUR33,860b41c8-a1fc-46c5-8bb9-12fa3920eadc,MARTES,18:20,19:40,PRESENCIAL,SAN MIGUEL,,
TUR-PLAN,TUR24,4ec87727-7475-4a0c-932f-e7f18ea2eaf0,MARTES,19:40,21:10,PRESENCIAL,SAN MIGUEL,,
TUR-PLAN,TUR32,20d1075d-4f6f-4b5b-8196-7e3038392123,MIERCOLES,18:20,20:20,PRESENCIAL,SAN MIGUEL,,
TUR-PLAN,TUR30,d82903b0-c96f-4d24-a7dd-648d847ee83d,MIERCOLES,20:30,21:50,PRESENCIAL,SAN MIGUEL,,
TUR-PLAN,TUR27,c1b765e2-90b0-47c4-bb6e-c96ce82b14fe,MIERCOLES,21:55,22:35,PRESENCIAL,SAN MIGUEL,,
TUR-PLAN,TUR26,9e7d8af8-1d0d-451b-8348-7999b612a08a,JUEVES,18:20,19:40,PRESENCIAL,SAN MIGUEL,,
TUR-PLAN,TUR32,20d1075d-4f6f-4b5b-8196-7e3038392123,JUEVES,19:40,21:50,PRESENCIAL,SAN MIGUEL,,
TUR-PLAN,TUR28,f7d15d6d-b702-4eba-8017-c643137dccce,VIERNES,18:20,19:40,PRESENCIAL,SAN MIGUEL,,
TUR-PLAN,TUR29,b8582061-99c5-4587-bd0e-afeda2d4b6cb,VIERNES,19:40,21:10,PRESENCIAL,SAN MIGUEL,,
GEO-PLAN,GEO35,fb4aa78f-f4ee-4894-a33c-6695e90552b2,LUNES,18:20,19:40,PRESENCIAL,SAN MIGUEL,,
GEO-PLAN,GEO31,8faaebeb-ca1d-4683-828e-dcb0897869fc,LUNES,19:40,21:10,PRESENCIAL,SAN MIGUEL,,
GEO-PLAN,GEO33,f5b01498-3206-4f67-9910-119c28089ba1,LUNES,21:10,22:35,PRESENCIAL,SAN MIGUEL,,
GEO-PLAN,GEO34,fb4aa78f-f4ee-4894-a33c-6695e90552b2,MARTES,18:20,19:40,PRESENCIAL,SAN MIGUEL,,
GEO-PLAN,GEO38,5e8bc85d-7de0-44f4-be55-a74abd7c6c22,MARTES,19:40,21:10,PRESENCIAL,SAN MIGUEL,,
GEO-PLAN,GEO38,f422154c-ed91-490d-965d-33a8b38821b6,MARTES,21:10,22:35,PRESENCIAL,SAN MIGUEL,,
GEO-PLAN,GEO38,f422154c-ed91-490d-965d-33a8b38821b6,MIERCOLES,18:20,19:40,PRESENCIAL,SAN MIGUEL,,
GEO-PLAN,GEO34,fb4aa78f-f4ee-4894-a33c-6695e90552b2,MIERCOLES,19:40,21:50,PRESENCIAL,SAN MIGUEL,,
GEO-PLAN,GEO35,fb4aa78f-f4ee-4894-a33c-6695e90552b2,MIERCOLES,21:55,22:35,PRESENCIAL,SAN MIGUEL,,
GEO-PLAN,GEO38,5e8bc85d-7de0-44f4-be55-a74abd7c6c22,JUEVES,18:20,19:40,PRESENCIAL,SAN MIGUEL,,
GEO-PLAN,GEO33,f5b01498-3206-4f67-9910-119c28089ba1,JUEVES,19:40,21:10,PRESENCIAL,SAN MIGUEL,,
GEO-PLAN,GEO37,fb4aa78f-f4ee-4894-a33c-6695e90552b2,JUEVES,21:10,22:35,PRESENCIAL,SAN MIGUEL,,
GEO-PLAN,GEO31,8faaebeb-ca1d-4683-828e-dcb0897869fc,VIERNES,18:20,19:40,PRESENCIAL,SAN MIGUEL,,
GEO-PLAN,GEO36,cdd077a2-0823-4336-9b71-65f712f83bce,VIERNES,19:40,21:50,PRESENCIAL,SAN MIGUEL,,
TRA-PLAN,TRA10,d3929ef1-a5a6-41af-a639-1fc4da3bf19b,LUNES,18:20,19:40,PRESENCIAL,SAN MIGUEL,,
TRA-PLAN,TRA04,ae357af9-6e6b-4187-b470-6f00402955b8,LUNES,19:40,21:10,PRESENCIAL,SAN MIGUEL,,
TRA-PLAN,TRA05,dc3f4763-8a35-4460-a1e5-05f0857a44fe,LUNES,21:10,22:35,PRESENCIAL,SAN MIGUEL,,
TRA-PLAN,TRA02,18c7d378-e244-41a1-8198-341e6adaea94,MARTES,18:20,20:20,PRESENCIAL,SAN MIGUEL,,
TRA-PLAN,TRA09,5ed73829-31ba-4c02-8fd2-58d826866cfb,MARTES,20:30,21:10,PRESENCIAL,SAN MIGUEL,,
TRA-PLAN,TRA01,d82903b0-c96f-4d24-a7dd-648d847ee83d,MARTES,21:10,22:35,PRESENCIAL,SAN MIGUEL,,
TRA-PLAN,TRA08,52d23582-997c-48ab-90c9-64c284ca7a06,MIERCOLES,19:40,20:20,PRESENCIAL,SAN MIGUEL,,
TRA-PLAN,TRA10,d3929ef1-a5a6-41af-a639-1fc4da3bf19b,MIERCOLES,20:30,22:35,PRESENCIAL,SAN MIGUEL,,
TRA-PLAN,TRA01,d82903b0-c96f-4d24-a7dd-648d847ee83d,JUEVES,18:20,20:20,PRESENCIAL,SAN MIGUEL,,
TRA-PLAN,TRA06,7770b0fe-d6cb-42d0-b294-a114c7888719,JUEVES,20:30,21:50,PRESENCIAL,SAN MIGUEL,,
TRA-PLAN,TRA10,d3929ef1-a5a6-41af-a639-1fc4da3bf19b,JUEVES,21:55,22:35,PRESENCIAL,SAN MIGUEL,,
TRA-PLAN,TRA07,bbf0ba09-46a4-467e-a843-21806430a5af,VIERNES,18:20,20:20,PRESENCIAL,SAN MIGUEL,,
TRA-PLAN,TRA03,ae357af9-6e6b-4187-b470-6f00402955b8,VIERNES,20:30,22:35,PRESENCIAL,SAN MIGUEL,,
TRA-PLAN,TRA19,ae357af9-6e6b-4187-b470-6f00402955b8,LUNES,18:20,19:40,PRESENCIAL,SAN MIGUEL,,
TRA-PLAN,TRA12,56ab6925-53c4-49f5-958b-5369ebce94e4,LUNES,19:40,21:10,PRESENCIAL,SAN MIGUEL,,
TRA-PLAN,TRA18,bbf0ba09-46a4-467e-a843-21806430a5af,LUNES,21:10,22:35,PRESENCIAL,SAN MIGUEL,,
TRA-PLAN,TRA11,6bfd3924-de1b-4aec-a9fd-e85ce7d3ff82,MARTES,18:20,19:40,PRESENCIAL,SAN MIGUEL,,
TRA-PLAN,TRA14,36e5ff98-05dd-425c-ad25-77ad96e761a0,MARTES,19:40,21:10,PRESENCIAL,SAN MIGUEL,,
TRA-PLAN,TRA15,5ed73829-31ba-4c02-8fd2-58d826866cfb,MARTES,21:00,22:35,PRESENCIAL,SAN MIGUEL,,
TRA-PLAN,TRA19,ae357af9-6e6b-4187-b470-6f00402955b8,MIERCOLES,18:20,19:40,PRESENCIAL,SAN MIGUEL,,
TRA-PLAN,TRA11,6bfd3924-de1b-4aec-a9fd-e85ce7d3ff82,MIERCOLES,19:40,21:10,PRESENCIAL,SAN MIGUEL,,
TRA-PLAN,TRA16,d82903b0-c96f-4d24-a7dd-648d847ee83d,MIERCOLES,21:10,22:35,PRESENCIAL,SAN MIGUEL,,
TRA-PLAN,TRA19,ae357af9-6e6b-4187-b470-6f00402955b8,JUEVES,18:20,19:40,PRESENCIAL,SAN MIGUEL,,
TRA-PLAN,TRA13,3dc3a1c9-36f4-4300-bc6a-ba8b5d6e7f26,JUEVES,21:10,22:35,PRESENCIAL,SAN MIGUEL,,
TRA-PLAN,TRA17,ae357af9-6e6b-4187-b470-6f00402955b8,VIERNES,18:20,20:20,PRESENCIAL,SAN MIGUEL,,
TRA-PLAN,TRA11,6bfd3924-de1b-4aec-a9fd-e85ce7d3ff82,VIERNES,20:30,21:10,PRESENCIAL,SAN MIGUEL,,
TRA-PLAN,TRA22,bbf0ba09-46a4-467e-a843-21806430a5af,LUNES,18:20,19:40,PRESENCIAL,SAN MIGUEL,,
TRA-PLAN,TRA24,d3929ef1-a5a6-41af-a639-1fc4da3bf19b,LUNES,19:40,21:10,PRESENCIAL,SAN MIGUEL,,
TRA-PLAN,TRA28,36e5ff98-05dd-425c-ad25-77ad96e761a0,LUNES,21:10,22:35,PRESENCIAL,SAN MIGUEL,,
TRA-PLAN,TRA21,56ab6925-53c4-49f5-958b-5369ebce94e4,MARTES,19:40,21:10,PRESENCIAL,SAN MIGUEL,,
TRA-PLAN,TRA28,36e5ff98-05dd-425c-ad25-77ad96e761a0,MARTES,21:10,22:35,PRESENCIAL,SAN MIGUEL,,
TRA-PLAN,TRA27,d82903b0-c96f-4d24-a7dd-648d847ee83d,MIERCOLES,18:20,19:40,PRESENCIAL,SAN MIGUEL,,
TRA-PLAN,TRA23,d3929ef1-a5a6-41af-a639-1fc4da3bf19b,MIERCOLES,19:40,20:20,PRESENCIAL,SAN MIGUEL,,
TRA-PLAN,TRA25,4efb651b-a57e-4d2d-8ed0-18f5c3ca6485,MIERCOLES,20:30,22:35,PRESENCIAL,SAN MIGUEL,,
TRA-PLAN,TRA23,d3929ef1-a5a6-41af-a639-1fc4da3bf19b,JUEVES,18:20,19:40,PRESENCIAL,SAN MIGUEL,,
TRA-PLAN,TRA28,36e5ff98-05dd-425c-ad25-77ad96e761a0,JUEVES,19:40,21:10,PRESENCIAL,SAN MIGUEL,,
TRA-PLAN,TRA20,dc544e70-59c3-4611-85bb-45ffb95f970f,JUEVES,21:10,22:35,PRESENCIAL,SAN MIGUEL,,
TRA-PLAN,TRA26,b8582061-99c5-4587-bd0e-afeda2d4b6cb,VIERNES,18:20,19:40,PRESENCIAL,SAN MIGUEL,,
TRA-PLAN,TRA20,dc544e70-59c3-4611-85bb-45ffb95f970f,VIERNES,19:40,21:50,PRESENCIAL,SAN MIGUEL,,
QUI-PLAN,QUI05,49237fcb-cba1-4c6d-8101-cca05b6397ab,LUNES,18:20,19:40,PRESENCIAL,SAN MIGUEL,,
QUI-PLAN,QUI07,49237fcb-cba1-4c6d-8101-cca05b6397ab,LUNES,19:40,21:10,PRESENCIAL,SAN MIGUEL,,
QUI-PLAN,QUI01,be5b1efc-32b0-4c6c-a096-b87dfd16843c,LUNES,21:10,22:35,PRESENCIAL,SAN MIGUEL,,
QUI-PLAN,QUI07,49237fcb-cba1-4c6d-8101-cca05b6397ab,MARTES,18:20,19:40,PRESENCIAL,SAN MIGUEL,,
QUI-PLAN,QUI03,f422154c-ed91-490d-965d-33a8b38821b6,MARTES,19:40,21:10,PRESENCIAL,SAN MIGUEL,,
QUI-PLAN,QUI02,d1bd0422-9d1e-41bd-a0c3-5a92081227d2,MARTES,21:10,22:35,PRESENCIAL,SAN MIGUEL,,
QUI-PLAN,QUI02,d1bd0422-9d1e-41bd-a0c3-5a92081227d2,MIERCOLES,19:40,20:30,PRESENCIAL,SAN MIGUEL,,
QUI-PLAN,QUI01,be5b1efc-32b0-4c6c-a096-b87dfd16843c,MIERCOLES,20:30,22:35,PRESENCIAL,SAN MIGUEL,,
QUI-PLAN,QUI05,49237fcb-cba1-4c6d-8101-cca05b6397ab,JUEVES,18:20,19:40,PRESENCIAL,SAN MIGUEL,,
QUI-PLAN,QUI10,d1bd0422-9d1e-41bd-a0c3-5a92081227d2,JUEVES,19:40,21:10,PRESENCIAL,SAN MIGUEL,,
QUI-PLAN,QUI09,84d61b32-33fb-4320-a9f9-0399a08f3774,JUEVES,21:10,22:35,PRESENCIAL,SAN MIGUEL,,
QUI-PLAN,QUI09,84d61b32-33fb-4320-a9f9-0399a08f3774,VIERNES,18:20,19:40,PRESENCIAL,SAN MIGUEL,,
QUI-PLAN,QUI11,8eac82a8-cfc3-4e8c-8d8f-a13f007c8f55,VIERNES,19:40,21:50,PRESENCIAL,SAN MIGUEL,,
QUI-PLAN,QUI14,ada85d57-7c7e-4531-a381-1c2bdd336d2b,LUNES,18:20,19:40,PRESENCIAL,SAN MIGUEL,,
QUI-PLAN,QUI16,b98717b3-a970-4da2-999d-d32bff2a0884,LUNES,19:40,20:20,PRESENCIAL,SAN MIGUEL,,
QUI-PLAN,QUI18,d758ccba-3df7-4d58-9a17-f4029c7c2a7f,LUNES,20:30,22:35,PRESENCIAL,SAN MIGUEL,,
QUI-PLAN,QUI23,259b5051-9f85-491d-a0ce-57d50501ab18,MARTES,18:20,20:20,PRESENCIAL,SAN MIGUEL,,
QUI-PLAN,QUI15,06be287b-5a1e-44ec-99ef-21921f67571f,MARTES,20:30,21:50,PRESENCIAL,SAN MIGUEL,,
QUI-PLAN,QUI17,d1bd0422-9d1e-41bd-a0c3-5a92081227d2,MIERCOLES,18:20,19:40,PRESENCIAL,SAN MIGUEL,,
QUI-PLAN,QUI20,d758ccba-3df7-4d58-9a17-f4029c7c2a7f,MIERCOLES,19:40,21:10,PRESENCIAL,SAN MIGUEL,,
QUI-PLAN,QUI12,d1bd0422-9d1e-41bd-a0c3-5a92081227d2,MIERCOLES,21:10,22:35,PRESENCIAL,SAN MIGUEL,,
QUI-PLAN,QUI13,d0110551-c240-4034-b20b-66950365f04b,JUEVES,18:20,19:40,PRESENCIAL,SAN MIGUEL,,
QUI-PLAN,QUI20,d758ccba-3df7-4d58-9a17-f4029c7c2a7f,JUEVES,19:40,21:10,PRESENCIAL,SAN MIGUEL,,
QUI-PLAN,QUI17,d1bd0422-9d1e-41bd-a0c3-5a92081227d2,JUEVES,21:10,22:35,PRESENCIAL,SAN MIGUEL,,
QUI-PLAN,QUI22,148d7f02-1791-4b52-b158-06f29259c292,VIERNES,18:20,20:20,PRESENCIAL,SAN MIGUEL,,
QUI-PLAN,QUI16,b98717b3-a970-4da2-999d-d32bff2a0884,VIERNES,20:30,22:35,PRESENCIAL,SAN MIGUEL,,
QUI-PLAN,QUI29,d758ccba-3df7-4d58-9a17-f4029c7c2a7f,LUNES,18:20,19:40,PRESENCIAL,SAN MIGUEL,,
QUI-PLAN,QUI26,bb77416a-4ed9-4111-b347-72c1a3b0b7b9,LUNES,19:40,21:10,PRESENCIAL,SAN MIGUEL,,
QUI-PLAN,QUI31,c3cf2b6d-dea3-47bc-9fb4-0e56560c2caf,LUNES,21:10,22:35,PRESENCIAL,SAN MIGUEL,,
QUI-PLAN,QUI26,bb77416a-4ed9-4111-b347-72c1a3b0b7b9,MARTES,18:20,19:40,PRESENCIAL,SAN MIGUEL,,
QUI-PLAN,QUI17,1ba840b1-3a72-4e9f-8a7e-1b23dbca51ff,MARTES,19:40,21:10,PRESENCIAL,SAN MIGUEL,,
QUI-PLAN,QUI17,5ce3cc5f-7950-4fce-9ef7-a669c6666adf,MARTES,21:10,22:35,PRESENCIAL,SAN MIGUEL,,
QUI-PLAN,QUI17,5ce3cc5f-7950-4fce-9ef7-a669c6666adf,MIERCOLES,18:20,19:40,PRESENCIAL,SAN MIGUEL,,
QUI-PLAN,QUI24,c1b765e2-90b0-47c4-bb6e-c96ce82b14fe,MIERCOLES,19:40,21:50,PRESENCIAL,SAN MIGUEL,,
QUI-PLAN,QUI29,d758ccba-3df7-4d58-9a17-f4029c7c2a7f,MIERCOLES,21:55,22:35,PRESENCIAL,SAN MIGUEL,,
QUI-PLAN,QUI28,c968f21f-b70c-4781-9376-0b67cdb6b415,JUEVES,18:20,20:20,PRESENCIAL,SAN MIGUEL,,
QUI-PLAN,QUI24,c1b765e2-90b0-47c4-bb6e-c96ce82b14fe,JUEVES,20:30,22:35,PRESENCIAL,SAN MIGUEL,,
QUI-PLAN,QUI17,1ba840b1-3a72-4e9f-8a7e-1b23dbca51ff,VIERNES,18:20,19:40,PRESENCIAL,SAN MIGUEL,,
QUI-PLAN,QUI28,c968f21f-b70c-4781-9376-0b67cdb6b415,VIERNES,19:40,20:30,PRESENCIAL,SAN MIGUEL,,
QUI-PLAN,QUI30,76b6dddd-1c13-40da-b7a5-111d1c0da41d,VIERNES,20:30,22:35,PRESENCIAL,SAN MIGUEL,,
QUI-PLAN,QUI32,8faaebeb-ca1d-4683-828e-dcb0897869fc,LUNES,18:20,19:40,PRESENCIAL,SAN MIGUEL,,
QUI-PLAN,QUI34,c968f21f-b70c-4781-9376-0b67cdb6b415,LUNES,19:40,21:10,PRESENCIAL,SAN MIGUEL,,
QUI-PLAN,QUI35,06be287b-5a1e-44ec-99ef-21921f67571f,LUNES,21:10,21:50,PRESENCIAL,SAN MIGUEL,,
QUI-PLAN,QUI36,bb77416a-4ed9-4111-b347-72c1a3b0b7b9,LUNES,21:55,22:35,PRESENCIAL,SAN MIGUEL,,
QUI-PLAN,QUI32,8faaebeb-ca1d-4683-828e-dcb0897869fc,MARTES,18:20,19:40,PRESENCIAL,SAN MIGUEL,,
QUI-PLAN,QUI39,49237fcb-cba1-4c6d-8101-cca05b6397ab,MARTES,19:40,21:10,PRESENCIAL,SAN MIGUEL,,
QUI-PLAN,QUI37,d002d6ac-2e33-40c4-a0a3-5598ebe06022,MARTES,21:10,22:35,PRESENCIAL,SAN MIGUEL,,
QUI-PLAN,QUI36,bb77416a-4ed9-4111-b347-72c1a3b0b7b9,MIERCOLES,18:20,19:40,PRESENCIAL,SAN MIGUEL,,
QUI-PLAN,QUI35,f422154c-ed91-490d-965d-33a8b38821b6,MIERCOLES,19:40,21:10,PRESENCIAL,SAN MIGUEL,,
QUI-PLAN,QUI37,d002d6ac-2e33-40c4-a0a3-5598ebe06022,MIERCOLES,21:10,22:35,PRESENCIAL,SAN MIGUEL,,
QUI-PLAN,QUI38,27192861-43ac-4255-8db0-89ad5d937dee,JUEVES,18:20,20:20,PRESENCIAL,SAN MIGUEL,,
QUI-PLAN,QUI39,49237fcb-cba1-4c6d-8101-cca05b6397ab,JUEVES,20:30,21:50,PRESENCIAL,SAN MIGUEL,,
QUI-PLAN,QUI34,c968f21f-b70c-4781-9376-0b67cdb6b415,JUEVES,21:50,22:35,PRESENCIAL,SAN MIGUEL,,
QUI-PLAN,QUI35,f422154c-ed91-490d-965d-33a8b38821b6,VIERNES,18:20,19:40,PRESENCIAL,SAN MIGUEL,,
QUI-PLAN,QUI38,27192861-43ac-4255-8db0-89ad5d937dee,VIERNES,19:40,20:20,PRESENCIAL,SAN MIGUEL,,
QUI-PLAN,QUI35,c968f21f-b70c-4781-9376-0b67cdb6b415,VIERNES,20:30,22:35,PRESENCIAL,SAN MIGUEL,,
ING-PLAN,ING09,dc544e70-59c3-4611-85bb-45ffb95f970f,LUNES,18:20,19:40,PRESENCIAL,SAN MIGUEL,,
ING-PLAN,ING10,8af07ff2-0481-46db-90fd-edbc33364a30,LUNES,19:40,21:10,PRESENCIAL,SAN MIGUEL,,
ING-PLAN,ING09,dc544e70-59c3-4611-85bb-45ffb95f970f,LUNES,21:10,22:35,PRESENCIAL,SAN MIGUEL,,
ING-PLAN,ING05,f422154c-ed91-490d-965d-33a8b38821b6,MARTES,18:20,19:00,PRESENCIAL,SAN MIGUEL,,
ING-PLAN,ING08,56ab6925-53c4-49f5-958b-5369ebce94e4,MARTES,19:00,19:40,PRESENCIAL,SAN MIGUEL,,
ING-PLAN,ING01,dc3f4763-8a35-4460-a1e5-05f0857a44fe,MARTES,19:40,21:10,PRESENCIAL,SAN MIGUEL,,
ING-PLAN,ING08,56ab6925-53c4-49f5-958b-5369ebce94e4,MARTES,21:10,22:35,PRESENCIAL,SAN MIGUEL,,
ING-PLAN,ING04,be5b1efc-32b0-4c6c-a096-b87dfd16843c,MIERCOLES,18:20,19:40,PRESENCIAL,SAN MIGUEL,,
ING-PLAN,ING06,3dc3a1c9-36f4-4300-bc6a-ba8b5d6e7f26,MIERCOLES,19:40,21:10,PRESENCIAL,SAN MIGUEL,,
ING-PLAN,ING05,f422154c-ed91-490d-965d-33a8b38821b6,MIERCOLES,21:10,21:50,PRESENCIAL,SAN MIGUEL,,
ING-PLAN,ING11,8af07ff2-0481-46db-90fd-edbc33364a30,MIERCOLES,21:55,22:35,PRESENCIAL,SAN MIGUEL,,
ING-PLAN,ING09,dc544e70-59c3-4611-85bb-45ffb95f970f,JUEVES,18:20,19:40,PRESENCIAL,SAN MIGUEL,,
ING-PLAN,ING06,3dc3a1c9-36f4-4300-bc6a-ba8b5d6e7f26,JUEVES,19:40,21:10,PRESENCIAL,SAN MIGUEL,,
ING-PLAN,ING03,d0110551-c240-4034-b20b-66950365f04b,JUEVES,21:10,22:35,PRESENCIAL,SAN MIGUEL,,
ING-PLAN,ING10,8af07ff2-0481-46db-90fd-edbc33364a30,VIERNES,18:20,19:40,PRESENCIAL,SAN MIGUEL,,
ING-PLAN,ING11,8af07ff2-0481-46db-90fd-edbc33364a30,VIERNES,19:40,20:20,PRESENCIAL,SAN MIGUEL,,
ING-PLAN,ING07,bbf0ba09-46a4-467e-a843-21806430a5af,VIERNES,20:30,22:35,PRESENCIAL,SAN MIGUEL,,
ING-PLAN,ING20,56ab6925-53c4-49f5-958b-5369ebce94e4,LUNES,18:20,19:40,PRESENCIAL,SAN MIGUEL,,
ING-PLAN,ING12,be5b1efc-32b0-4c6c-a096-b87dfd16843c,LUNES,19:40,20:20,PRESENCIAL,SAN MIGUEL,,
ING-PLAN,ING16,3dc3a1c9-36f4-4300-bc6a-ba8b5d6e7f26,LUNES,20:30,22:35,PRESENCIAL,SAN MIGUEL,,
ING-PLAN,ING14,5ce3cc5f-7950-4fce-9ef7-a669c6666adf,MARTES,18:20,19:00,PRESENCIAL,SAN MIGUEL,,
ING-PLAN,ING19,dc544e70-59c3-4611-85bb-45ffb95f970f,MARTES,19:00,21:10,PRESENCIAL,SAN MIGUEL,,
ING-PLAN,ING18,148d7f02-1791-4b52-b158-06f29259c292,MARTES,21:10,22:35,PRESENCIAL,SAN MIGUEL,,
ING-PLAN,ING21,4efb651b-a57e-4d2d-8ed0-18f5c3ca6485,MIERCOLES,18:20,19:40,PRESENCIAL,SAN MIGUEL,,
ING-PLAN,ING19,dc544e70-59c3-4611-85bb-45ffb95f970f,MIERCOLES,19:40,21:50,PRESENCIAL,SAN MIGUEL,,
ING-PLAN,ING15,f422154c-ed91-490d-965d-33a8b38821b6,MIERCOLES,21:55,22:35,PRESENCIAL,SAN MIGUEL,,
ING-PLAN,ING20,56ab6925-53c4-49f5-958b-5369ebce94e4,JUEVES,18:20,19:00,PRESENCIAL,SAN MIGUEL,,
ING-PLAN,ING17,02097d24-7a35-4286-8eaa-748a30658304,JUEVES,19:00,20:20,PRESENCIAL,SAN MIGUEL,,
ING-PLAN,ING13,02097d24-7a35-4286-8eaa-748a30658304,JUEVES,20:30,22:35,PRESENCIAL,SAN MIGUEL,,
ING-PLAN,ING22,18c7d378-e244-41a1-8198-341e6adaea94,VIERNES,18:20,19:40,PRESENCIAL,SAN MIGUEL,,
ING-PLAN,ING15,f422154c-ed91-490d-965d-33a8b38821b6,VIERNES,19:40,21:10,PRESENCIAL,SAN MIGUEL,,
ING-PLAN,ING17,02097d24-7a35-4286-8eaa-748a30658304,VIERNES,21:10,22:35,PRESENCIAL,SAN MIGUEL,,
ING-PLAN,ING25,3dc3a1c9-36f4-4300-bc6a-ba8b5d6e7f26,LUNES,18:20,19:40,PRESENCIAL,SAN MIGUEL,,
ING-PLAN,ING27,43711171-d23d-49bb-a5e3-425c044e05e2,LUNES,19:40,21:10,PRESENCIAL,SAN MIGUEL,,
ING-PLAN,ING31,4efb651b-a57e-4d2d-8ed0-18f5c3ca6485,LUNES,21:10,22.35,PRESENCIAL,SAN MIGUEL,,
ING-PLAN,ING24,be5b1efc-32b0-4c6c-a096-b87dfd16843c,MARTES,18:20,19:40,PRESENCIAL,SAN MIGUEL,,
ING-PLAN,ING27,be5b1efc-32b0-4c6c-a096-b87dfd16843c,MARTES,19:40,21:10,PRESENCIAL,SAN MIGUEL,,
ING-PLAN,ING27,43711171-d23d-49bb-a5e3-425c044e05e2,MIERCOLES,18:20,19:40,PRESENCIAL,SAN MIGUEL,,
ING-PLAN,ING29,ae357af9-6e6b-4187-b470-6f00402955b8,MIERCOLES,19:40,21:50,PRESENCIAL,SAN MIGUEL,,
ING-PLAN,ING25,3dc3a1c9-36f4-4300-bc6a-ba8b5d6e7f26,MIERCOLES,21:55,22:35,PRESENCIAL,SAN MIGUEL,,
ING-PLAN,ING27,be5b1efc-32b0-4c6c-a096-b87dfd16843c,JUEVES,18:20,19:40,PRESENCIAL,SAN MIGUEL,,
ING-PLAN,ING28,dc544e70-59c3-4611-85bb-45ffb95f970f,JUEVES,19:40,21:10,PRESENCIAL,SAN MIGUEL,,
ING-PLAN,ING26,d82903b0-c96f-4d24-a7dd-648d847ee83d,JUEVES,21:10,22:35,PRESENCIAL,SAN MIGUEL,,
ING-PLAN,ING28,dc544e70-59c3-4611-85bb-45ffb95f970f,VIERNES,18:20,19:40,PRESENCIAL,SAN MIGUEL,,
ING-PLAN,ING30,6bfd3924-de1b-4aec-a9fd-e85ce7d3ff82,VIERNES,21:10,22:35,PRESENCIAL,SAN MIGUEL,,
ING-PLAN,ING35,43711171-d23d-49bb-a5e3-425c044e05e2,LUNES,18:20,19:40,PRESENCIAL,SAN MIGUEL,,
ING-PLAN,ING38,ae357af9-6e6b-4187-b470-6f00402955b8,LUNES,21:10,22:35,PRESENCIAL,SAN MIGUEL,,
ING-PLAN,ING35,d0110551-c240-4034-b20b-66950365f04b,MARTES,18:20,19:40,PRESENCIAL,SAN MIGUEL,,
ING-PLAN,ING32,8faaebeb-ca1d-4683-828e-dcb0897869fc,MARTES,19:40,21:10,PRESENCIAL,SAN MIGUEL,,
ING-PLAN,ING37,d82903b0-c96f-4d24-a7dd-648d847ee83d,MARTES,21:10,22:35,PRESENCIAL,SAN MIGUEL,,
ING-PLAN,ING34,dc544e70-59c3-4611-85bb-45ffb95f970f,MIERCOLES,18:20,19:40,PRESENCIAL,SAN MIGUEL,,
ING-PLAN,ING35,43711171-d23d-49bb-a5e3-425c044e05e2,MIERCOLES,20:30,21:50,PRESENCIAL,SAN MIGUEL,,
ING-PLAN,ING36,dc544e70-59c3-4611-85bb-45ffb95f970f,MIERCOLES,21:55,22:35,PRESENCIAL,SAN MIGUEL,,
ING-PLAN,ING35,d0110551-c240-4034-b20b-66950365f04b,JUEVES,19:40,21:10,PRESENCIAL,SAN MIGUEL,,
ING-PLAN,ING40,f0de6105-0785-497b-954f-efa07cb37266,JUEVES,21:10,22:35,PRESENCIAL,SAN MIGUEL,,
ING-PLAN,ING39,6bfd3924-de1b-4aec-a9fd-e85ce7d3ff82,VIERNES,18:20,20:20,PRESENCIAL,SAN MIGUEL,,
ING-PLAN,ING32,8faaebeb-ca1d-4683-828e-dcb0897869fc,VIERNES,20:30,21:50,PRESENCIAL,SAN MIGUEL,,
ING-PLAN,ING34,dc544e70-59c3-4611-85bb-45ffb95f970f,VIERNES,21:55,22:35,PRESENCIAL,SAN MIGUEL,,
LAB-2015,LAB02,b98717b3-a970-4da2-999d-d32bff2a0884,LUNES,18:20,19:40,PRESENCIAL,SAN MIGUEL,,Laboratorio cargado desde planillas fuente 2015/2024.
LAB-2015,LAB01,bbf0ba09-46a4-467e-a843-21806430a5af,LUNES,19:40,21:10,PRESENCIAL,SAN MIGUEL,,Laboratorio cargado desde planillas fuente 2015/2024.
LAB-2015,LAB03,afe9c51e-8a49-5d68-a54e-2a273642ffe9,LUNES,21:10,22:35,PRESENCIAL,SAN MIGUEL,,Laboratorio cargado desde planillas fuente 2015/2024.
LAB-2015,LAB05,31692e9e-19fc-585b-b5ed-7e137ab38bcc,MARTES,18:20,20:20,PRESENCIAL,SAN MIGUEL,,Laboratorio cargado desde planillas fuente 2015/2024.
LAB-2015,LAB07,69226833-f4a9-5b95-88bf-1da21b738e13,MARTES,20:30,22:35,PRESENCIAL,SAN MIGUEL,,Laboratorio cargado desde planillas fuente 2015/2024.
LAB-2015,LAB08,148d7f02-1791-4b52-b158-06f29259c292,MIERCOLES,18:20,20:20,PRESENCIAL,SAN MIGUEL,,Laboratorio cargado desde planillas fuente 2015/2024.
LAB-2015,LAB05,31692e9e-19fc-585b-b5ed-7e137ab38bcc,MIERCOLES,20:30,22:35,PRESENCIAL,SAN MIGUEL,,Laboratorio cargado desde planillas fuente 2015/2024.
LAB-2015,LAB04,259b5051-9f85-491d-a0ce-57d50501ab18,JUEVES,18:20,19:40,PRESENCIAL,SAN MIGUEL,,Laboratorio cargado desde planillas fuente 2015/2024.
LAB-2015,LAB07,69226833-f4a9-5b95-88bf-1da21b738e13,JUEVES,21:10,22:35,PRESENCIAL,SAN MIGUEL,,Laboratorio cargado desde planillas fuente 2015/2024.
LAB-2015,LAB02,b98717b3-a970-4da2-999d-d32bff2a0884,VIERNES,18:20,19:40,PRESENCIAL,SAN MIGUEL,,Laboratorio cargado desde planillas fuente 2015/2024.
LAB-2015,LAB06,69226833-f4a9-5b95-88bf-1da21b738e13,VIERNES,19:40,20:20,PRESENCIAL,SAN MIGUEL,,Laboratorio cargado desde planillas fuente 2015/2024.
LAB-2015,LAB04,259b5051-9f85-491d-a0ce-57d50501ab18,VIERNES,20:30,22:35,PRESENCIAL,SAN MIGUEL,,Laboratorio cargado desde planillas fuente 2015/2024.
LAB-2015,LAB16,afe9c51e-8a49-5d68-a54e-2a273642ffe9,LUNES,18:20,19:40,PRESENCIAL,SAN MIGUEL,,Laboratorio cargado desde planillas fuente 2015/2024.
LAB-2015,LAB11,ada85d57-7c7e-4531-a381-1c2bdd336d2b,LUNES,19:40,21:10,PRESENCIAL,SAN MIGUEL,,Laboratorio cargado desde planillas fuente 2015/2024.
LAB-2015,LAB17,1fc46d4b-377f-518f-be69-ff6cbe57a88e,MARTES,18:20,19:40,PRESENCIAL,SAN MIGUEL,,Laboratorio cargado desde planillas fuente 2015/2024.
LAB-2015,LAB10,d758ccba-3df7-4d58-9a17-f4029c7c2a7f,MARTES,19:40,22:35,PRESENCIAL,SAN MIGUEL,,Laboratorio cargado desde planillas fuente 2015/2024.
LAB-2015,LAB09,d758ccba-3df7-4d58-9a17-f4029c7c2a7f,MIERCOLES,18:20,19:40,PRESENCIAL,SAN MIGUEL,,Laboratorio cargado desde planillas fuente 2015/2024.
LAB-2015,LAB17,1fc46d4b-377f-518f-be69-ff6cbe57a88e,MIERCOLES,19:40,22:35,PRESENCIAL,SAN MIGUEL,,Laboratorio cargado desde planillas fuente 2015/2024.
LAB-2015,LAB09,d758ccba-3df7-4d58-9a17-f4029c7c2a7f,JUEVES,18:20,19:40,PRESENCIAL,SAN MIGUEL,,Laboratorio cargado desde planillas fuente 2015/2024.
LAB-2015,LAB12,b2a44f50-5479-5294-aeb9-179d0b4fb4af,JUEVES,19:10,21:10,PRESENCIAL,SAN MIGUEL,,Laboratorio cargado desde planillas fuente 2015/2024.
LAB-2015,LAB13,c4a5e6b2-eda9-4a53-b595-cdb8d0ed75ac,VIERNES,18:20,19:40,PRESENCIAL,SAN MIGUEL,,Laboratorio cargado desde planillas fuente 2015/2024.
LAB-2015,LAB15,c4a5e6b2-eda9-4a53-b595-cdb8d0ed75ac,VIERNES,19:40,21:10,PRESENCIAL,SAN MIGUEL,,Laboratorio cargado desde planillas fuente 2015/2024.
LAB-2015,LAB12,b2a44f50-5479-5294-aeb9-179d0b4fb4af,VIERNES,21:10,22:35,PRESENCIAL,SAN MIGUEL,,Laboratorio cargado desde planillas fuente 2015/2024.
LAB-2015,LAB20,31692e9e-19fc-585b-b5ed-7e137ab38bcc,LUNES,18:20,19:40,PRESENCIAL,SAN MIGUEL,,Laboratorio cargado desde planillas fuente 2015/2024.
LAB-2015,LAB23,afe9c51e-8a49-5d68-a54e-2a273642ffe9,LUNES,19:40,21:10,PRESENCIAL,SAN MIGUEL,,Laboratorio cargado desde planillas fuente 2015/2024.
LAB-2015,LAB18,f7d15d6d-b702-4eba-8017-c643137dccce,LUNES,21:10,22:35,PRESENCIAL,SAN MIGUEL,,Laboratorio cargado desde planillas fuente 2015/2024.
LAB-2015,LAB24,69226833-f4a9-5b95-88bf-1da21b738e13,MARTES,18:20,20:20,PRESENCIAL,SAN MIGUEL,,Laboratorio cargado desde planillas fuente 2015/2024.
LAB-2015,LAB19,1fc46d4b-377f-518f-be69-ff6cbe57a88e,MARTES,20:30,21:10,PRESENCIAL,SAN MIGUEL,,Laboratorio cargado desde planillas fuente 2015/2024.
LAB-2015,LAB20,31692e9e-19fc-585b-b5ed-7e137ab38bcc,MIERCOLES,18:20,20:20,PRESENCIAL,SAN MIGUEL,,Laboratorio cargado desde planillas fuente 2015/2024.
LAB-2015,LAB24,69226833-f4a9-5b95-88bf-1da21b738e13,MIERCOLES,20:30,22:35,PRESENCIAL,SAN MIGUEL,,Laboratorio cargado desde planillas fuente 2015/2024.
LAB-2015,LAB24,69226833-f4a9-5b95-88bf-1da21b738e13,JUEVES,18:20,20:20,PRESENCIAL,SAN MIGUEL,,Laboratorio cargado desde planillas fuente 2015/2024.
LAB-2015,LAB22,1fc46d4b-377f-518f-be69-ff6cbe57a88e,JUEVES,20:30,22:35,PRESENCIAL,SAN MIGUEL,,Laboratorio cargado desde planillas fuente 2015/2024.
LAB-2015,LAB21,b2a44f50-5479-5294-aeb9-179d0b4fb4af,VIERNES,18:20,20:20,PRESENCIAL,SAN MIGUEL,,Laboratorio cargado desde planillas fuente 2015/2024.
LAB-2015,LAB24,69226833-f4a9-5b95-88bf-1da21b738e13,VIERNES,20:30,22:35,PRESENCIAL,SAN MIGUEL,,Laboratorio cargado desde planillas fuente 2015/2024.
LAB-2024,LAB27,b98717b3-a970-4da2-999d-d32bff2a0884,LUNES,18:20,19:40,PRESENCIAL,SAN MIGUEL,,Laboratorio cargado desde planillas fuente 2015/2024.
LAB-2024,LAB26,bbf0ba09-46a4-467e-a843-21806430a5af,LUNES,19:40,21:10,PRESENCIAL,SAN MIGUEL,,Laboratorio cargado desde planillas fuente 2015/2024.
LAB-2024,LAB28,afe9c51e-8a49-5d68-a54e-2a273642ffe9,LUNES,21:10,22:35,PRESENCIAL,SAN MIGUEL,,Laboratorio cargado desde planillas fuente 2015/2024.
LAB-2024,LAB30,31692e9e-19fc-585b-b5ed-7e137ab38bcc,MARTES,18:20,20:20,PRESENCIAL,SAN MIGUEL,,Laboratorio cargado desde planillas fuente 2015/2024.
LAB-2024,LAB33,69226833-f4a9-5b95-88bf-1da21b738e13,MARTES,20:30,22:35,PRESENCIAL,SAN MIGUEL,,Laboratorio cargado desde planillas fuente 2015/2024.
LAB-2024,LAB32,148d7f02-1791-4b52-b158-06f29259c292,MIERCOLES,18:20,20:20,PRESENCIAL,SAN MIGUEL,,Laboratorio cargado desde planillas fuente 2015/2024.
LAB-2024,LAB30,31692e9e-19fc-585b-b5ed-7e137ab38bcc,MIERCOLES,20:30,22:35,PRESENCIAL,SAN MIGUEL,,Laboratorio cargado desde planillas fuente 2015/2024.
LAB-2024,LAB29,259b5051-9f85-491d-a0ce-57d50501ab18,JUEVES,18:20,19:40,PRESENCIAL,SAN MIGUEL,,Laboratorio cargado desde planillas fuente 2015/2024.
LAB-2024,LAB33,69226833-f4a9-5b95-88bf-1da21b738e13,JUEVES,21:10,22:35,PRESENCIAL,SAN MIGUEL,,Laboratorio cargado desde planillas fuente 2015/2024.
LAB-2024,LAB27,b98717b3-a970-4da2-999d-d32bff2a0884,VIERNES,18:20,19:40,PRESENCIAL,SAN MIGUEL,,Laboratorio cargado desde planillas fuente 2015/2024.
LAB-2024,LAB31,69226833-f4a9-5b95-88bf-1da21b738e13,VIERNES,19:40,20:20,PRESENCIAL,SAN MIGUEL,,Laboratorio cargado desde planillas fuente 2015/2024.
LAB-2024,LAB29,259b5051-9f85-491d-a0ce-57d50501ab18,VIERNES,20:30,22:35,PRESENCIAL,SAN MIGUEL,,Laboratorio cargado desde planillas fuente 2015/2024.
LAB-2024,LAB41,afe9c51e-8a49-5d68-a54e-2a273642ffe9,LUNES,18:20,19:40,PRESENCIAL,SAN MIGUEL,,Laboratorio cargado desde planillas fuente 2015/2024.
LAB-2024,LAB40,ada85d57-7c7e-4531-a381-1c2bdd336d2b,LUNES,19:40,21:10,PRESENCIAL,SAN MIGUEL,,Laboratorio cargado desde planillas fuente 2015/2024.
LAB-2024,LAB42,1fc46d4b-377f-518f-be69-ff6cbe57a88e,MARTES,18:20,19:40,PRESENCIAL,SAN MIGUEL,,Laboratorio cargado desde planillas fuente 2015/2024.
LAB-2024,LAB35,d758ccba-3df7-4d58-9a17-f4029c7c2a7f,MARTES,19:40,22:35,PRESENCIAL,SAN MIGUEL,,Laboratorio cargado desde planillas fuente 2015/2024.
LAB-2024,LAB34,d758ccba-3df7-4d58-9a17-f4029c7c2a7f,MIERCOLES,18:20,19:40,PRESENCIAL,SAN MIGUEL,,Laboratorio cargado desde planillas fuente 2015/2024.
LAB-2024,LAB42,1fc46d4b-377f-518f-be69-ff6cbe57a88e,MIERCOLES,19:40,22:35,PRESENCIAL,SAN MIGUEL,,Laboratorio cargado desde planillas fuente 2015/2024.
LAB-2024,LAB34,d758ccba-3df7-4d58-9a17-f4029c7c2a7f,JUEVES,18:20,19:40,PRESENCIAL,SAN MIGUEL,,Laboratorio cargado desde planillas fuente 2015/2024.
LAB-2024,LAB37,b2a44f50-5479-5294-aeb9-179d0b4fb4af,JUEVES,19:10,21:10,PRESENCIAL,SAN MIGUEL,,Laboratorio cargado desde planillas fuente 2015/2024.
LAB-2024,LAB38,c4a5e6b2-eda9-4a53-b595-cdb8d0ed75ac,VIERNES,18:20,19:40,PRESENCIAL,SAN MIGUEL,,Laboratorio cargado desde planillas fuente 2015/2024.
LAB-2024,LAB36,c4a5e6b2-eda9-4a53-b595-cdb8d0ed75ac,VIERNES,19:40,21:10,PRESENCIAL,SAN MIGUEL,,Laboratorio cargado desde planillas fuente 2015/2024.
LAB-2024,LAB37,b2a44f50-5479-5294-aeb9-179d0b4fb4af,VIERNES,21:10,22:35,PRESENCIAL,SAN MIGUEL,,Laboratorio cargado desde planillas fuente 2015/2024.
LAB-2024,LAB45,31692e9e-19fc-585b-b5ed-7e137ab38bcc,LUNES,18:20,19:40,PRESENCIAL,SAN MIGUEL,,Laboratorio cargado desde planillas fuente 2015/2024.
LAB-2024,LAB44,afe9c51e-8a49-5d68-a54e-2a273642ffe9,LUNES,19:40,21:10,PRESENCIAL,SAN MIGUEL,,Laboratorio cargado desde planillas fuente 2015/2024.
LAB-2024,LAB43,f7d15d6d-b702-4eba-8017-c643137dccce,LUNES,21:10,22:35,PRESENCIAL,SAN MIGUEL,,Laboratorio cargado desde planillas fuente 2015/2024.
LAB-2024,LAB49,69226833-f4a9-5b95-88bf-1da21b738e13,MARTES,18:20,20:20,PRESENCIAL,SAN MIGUEL,,Laboratorio cargado desde planillas fuente 2015/2024.
LAB-2024,LAB48,1fc46d4b-377f-518f-be69-ff6cbe57a88e,MARTES,20:30,21:10,PRESENCIAL,SAN MIGUEL,,Laboratorio cargado desde planillas fuente 2015/2024.
LAB-2024,LAB45,31692e9e-19fc-585b-b5ed-7e137ab38bcc,MIERCOLES,18:20,20:20,PRESENCIAL,SAN MIGUEL,,Laboratorio cargado desde planillas fuente 2015/2024.
LAB-2024,LAB49,69226833-f4a9-5b95-88bf-1da21b738e13,MIERCOLES,20:30,22:35,PRESENCIAL,SAN MIGUEL,,Laboratorio cargado desde planillas fuente 2015/2024.
LAB-2024,LAB49,69226833-f4a9-5b95-88bf-1da21b738e13,JUEVES,18:20,20:20,PRESENCIAL,SAN MIGUEL,,Laboratorio cargado desde planillas fuente 2015/2024.
LAB-2024,LAB47,1fc46d4b-377f-518f-be69-ff6cbe57a88e,JUEVES,20:30,22:35,PRESENCIAL,SAN MIGUEL,,Laboratorio cargado desde planillas fuente 2015/2024.
LAB-2024,LAB46,b2a44f50-5479-5294-aeb9-179d0b4fb4af,VIERNES,18:20,20:20,PRESENCIAL,SAN MIGUEL,,Laboratorio cargado desde planillas fuente 2015/2024.
LAB-2024,LAB49,69226833-f4a9-5b95-88bf-1da21b738e13,VIERNES,20:30,22:35,PRESENCIAL,SAN MIGUEL,,Laboratorio cargado desde planillas fuente 2015/2024.
