plan_codigo,materia_codigo,materia_nombre,anio_cursada,cuatrimestre,regimen,campo_formacion,formato,grupo_afin_mesa,codigos_materias_afines,requiere_mesa,tipo_mesa,orden_impresion,vigente_desde,vigente_hasta,observaciones
ING-PLAN,ING01,"PROBLEMATICA DE LA EDUCACION INICIAL, PRIMARIA Y SECUNDARIA",1,,ANUAL,,MATERIA,,,SI,REGULAR,1,,,Precargado desde snapshot local pre-Laboratorio.
ING-PLAN,ING02,SUJETO DE LA EDUCACION INICIAL Y PRIMARIA,1,,ANUAL,,MATERIA,,,SI,REGULAR,2,,,Precargado desde snapshot local pre-Laboratorio.
ING-PLAN,ING03,DIDACTICA GENERAL,1,,ANUAL,,MATERIA,,,SI,REGULAR,3,,,Precargado desde snapshot local pre-Laboratorio.
ING-PLAN,ING04,PEDAGOGIA,1,,ANUAL,,MATERIA,,,SI,REGULAR,4,,,Precargado desde snapshot local pre-Laboratorio.
ING-PLAN,ING05,PSICOLOGIA DE LA EDUCACION,1,,ANUAL,,MATERIA,,,SI,REGULAR,5,,,Precargado desde snapshot local pre-Laboratorio.
ING-PLAN,ING06,FONETICA Y FONOLOGIA INGLESA I,1,,ANUAL,,MATERIA,,,SI,REGULAR,6,,,Precargado desde snapshot local pre-Laboratorio.
ING-PLAN,ING07,"LECTURA, ESCRITURA Y ORALIDAD",1,,ANUAL,,MATERIA,,,SI,REGULAR,7,,,Precargado desde snapshot local pre-Laboratorio.
ING-PLAN,ING08,GRAMATICA INGLESA I,1,,ANUAL,,MATERIA,,,SI,REGULAR,8,,,Precargado desde snapshot local pre-Laboratorio.
ING-PLAN,ING09,PRACTICAS DISCURSIVAS EN INGLES I,1,,ANUAL,,MATERIA,,,SI,REGULAR,9,,,Precargado desde snapshot local pre-Laboratorio.
ING-PLAN,ING10,PRACTICA PROFESIONAL I,1,,ANUAL,,MATERIA,,,SI,REGULAR,10,,,Precargado desde snapshot local pre-Laboratorio.
ING-PLAN,ING11,EDI (TALLER DE ESCRITURA),1,,ANUAL,,MATERIA,,,SI,REGULAR,11,,,Precargado desde snapshot local pre-Laboratorio.
ING-PLAN,ING12,SOCIOLOGIA DE LA EDUCACION,2,,ANUAL,,MATERIA,,,SI,REGULAR,12,,,Precargado desde snapshot local pre-Laboratorio.
ING-PLAN,ING13,DIDACTICA DEL INGLES I,2,,ANUAL,,MATERIA,,,SI,REGULAR,13,,,Precargado desde snapshot local pre-Laboratorio.
ING-PLAN,ING14,SUJETO DE LA EDUCACION SECUNDARIA,2,,ANUAL,,MATERIA,,,SI,REGULAR,14,,,Precargado desde snapshot local pre-Laboratorio.
ING-PLAN,ING15,HISTORIA Y POLITICA EDUCACIONAL ARGENTINA,2,,ANUAL,,MATERIA,,,SI,REGULAR,15,,,Precargado desde snapshot local pre-Laboratorio.
ING-PLAN,ING16,FONETICA Y FONOLOGIA INGLESA II,2,,ANUAL,,MATERIA,,,SI,REGULAR,16,,,Precargado desde snapshot local pre-Laboratorio.
ING-PLAN,ING17,PRACTICA PROFESIONAL II,2,,ANUAL,,MATERIA,,,SI,REGULAR,17,,,Precargado desde snapshot local pre-Laboratorio.
ING-PLAN,ING18,TECNOLOGIA DE LA INFORMACION Y LA COMUNICACIÓN,2,,ANUAL,,MATERIA,,,SI,REGULAR,18,,,Precargado desde snapshot local pre-Laboratorio.
ING-PLAN,ING19,PRACTICAS DISCURSIVAS EN INGLES II,2,,ANUAL,,MATERIA,,,SI,REGULAR,19,,,Precargado desde snapshot local pre-Laboratorio.
ING-PLAN,ING20,GRAMATICA INGLESA II,2,,ANUAL,,MATERIA,,,SI,REGULAR,20,,,Precargado desde snapshot local pre-Laboratorio.
ING-PLAN,ING21,ESTUDIOS SOCIO-CULTURALES Y LITERARIOS DE PUBLOS DE HABLA INGLESA I,2,,ANUAL,,MATERIA,,,SI,REGULAR,21,,,Precargado desde snapshot local pre-Laboratorio.
ING-PLAN,ING22,EDI (TALLER DE EXPRESION ORAL),2,,ANUAL,,MATERIA,,,SI,REGULAR,22,,,Precargado desde snapshot local pre-Laboratorio.
ING-PLAN,ING23,FORMACION ETICA Y CIUDADANA,3,,ANUAL,,MATERIA,,,SI,REGULAR,23,,,Precargado desde snapshot local pre-Laboratorio.
ING-PLAN,ING24,FILOSOFIA DE LA EDUCACION,3,,ANUAL,,MATERIA,,,SI,REGULAR,24,,,Precargado desde snapshot local pre-Laboratorio.
ING-PLAN,ING25,FONETICA Y FONOLOGIA INGLESA III,3,,ANUAL,,MATERIA,,,SI,REGULAR,25,,,Precargado desde snapshot local pre-Laboratorio.
ING-PLAN,ING26,DIDACTICA DEL INGLES II,3,,ANUAL,,MATERIA,,,SI,REGULAR,26,,,Precargado desde snapshot local pre-Laboratorio.
ING-PLAN,ING27,PRACTICA PROFESIONAL III EN NIVEL INCIAL Y PRIMARIO,3,,ANUAL,,MATERIA,,,SI,REGULAR,27,,,Precargado desde snapshot local pre-Laboratorio.
ING-PLAN,ING28,PRACTICAS DISCRUSIVAS EN INGLES III,3,,ANUAL,,MATERIA,,,SI,REGULAR,28,,,Precargado desde snapshot local pre-Laboratorio.
ING-PLAN,ING29,LINGUITICA I,3,,ANUAL,,MATERIA,,,SI,REGULAR,29,,,Precargado desde snapshot local pre-Laboratorio.
ING-PLAN,ING30,INTRODUCCION A LA LITERATURA INFANTO JUVENIL,3,,ANUAL,,MATERIA,,,SI,REGULAR,30,,,Precargado desde snapshot local pre-Laboratorio.
ING-PLAN,ING31,ESTUDIOS SOCIO-CULTURALES Y LITERARIOS DE PUBLOS DE HABLA INGLESA II,3,,ANUAL,,MATERIA,,,SI,REGULAR,31,,,Precargado desde snapshot local pre-Laboratorio.
ING-PLAN,ING32,EDUCACION SEXUAL INTEGRAL (ESI),4,,ANUAL,,MATERIA,,,SI,REGULAR,32,,,Precargado desde snapshot local pre-Laboratorio.
ING-PLAN,ING33,EDI (INTEGRACION E INCLUSION EDUCATIVA),4,,ANUAL,,MATERIA,,,SI,REGULAR,33,,,Precargado desde snapshot local pre-Laboratorio.
ING-PLAN,ING34,PRACTICAS DISCURSIVAS EN INGLES IV,4,,ANUAL,,MATERIA,,,SI,REGULAR,34,,,Precargado desde snapshot local pre-Laboratorio.
ING-PLAN,ING35,PRACTICA PROFESIONAL IV Y RESIDENCIA DOCENTE EN NIVEL SECUNDARIO,4,,ANUAL,,MATERIA,,,SI,REGULAR,35,,,Precargado desde snapshot local pre-Laboratorio.
ING-PLAN,ING36,EDI (TALLER DE ESCRITURA DE TEXTOS ACADEMICOS),4,,ANUAL,,MATERIA,,,SI,REGULAR,36,,,Precargado desde snapshot local pre-Laboratorio.
ING-PLAN,ING37,DIDACTICA DEL INGLES III,4,,ANUAL,,MATERIA,,,SI,REGULAR,37,,,Precargado desde snapshot local pre-Laboratorio.
ING-PLAN,ING38,LINGÜÍSTICA II,4,,ANUAL,,MATERIA,,,SI,REGULAR,38,,,Precargado desde snapshot local pre-Laboratorio.
ING-PLAN,ING39,LITERATURA ANGLOFONA,4,,ANUAL,,MATERIA,,,SI,REGULAR,39,,,Precargado desde snapshot local pre-Laboratorio.
ING-PLAN,ING40,ESTUDIOS SOCIO-CULTURALES Y LETERARIOS DE PUEBLOS DE HABLA INGLESA III,4,,ANUAL,,MATERIA,,,SI,REGULAR,40,,,Precargado desde snapshot local pre-Laboratorio.
QUI-PLAN,QUI01,PEDAGOGIA,1,,ANUAL,,MATERIA,,,SI,REGULAR,41,,,Precargado desde snapshot local pre-Laboratorio.
QUI-PLAN,QUI02,PROBLEMÁTICA DE LA EDUCACION SECUNDARIA,1,,ANUAL,,MATERIA,,,SI,REGULAR,42,,,Precargado desde snapshot local pre-Laboratorio.
QUI-PLAN,QUI03,PSICOLOGIA DE LA EDUCACION,1,,ANUAL,,MATERIA,,,SI,REGULAR,43,,,Precargado desde snapshot local pre-Laboratorio.
QUI-PLAN,QUI04,DIDACTICA GENERAL,1,,ANUAL,,MATERIA,,,SI,REGULAR,44,,,Precargado desde snapshot local pre-Laboratorio.
QUI-PLAN,QUI05,QUIMICA GENERAL,1,,ANUAL,,MATERIA,,,SI,REGULAR,45,,,Precargado desde snapshot local pre-Laboratorio.
QUI-PLAN,QUI06,QUIMICA INORGANICA,1,,ANUAL,,MATERIA,,,SI,REGULAR,46,,,Precargado desde snapshot local pre-Laboratorio.
QUI-PLAN,QUI07,FISICA I,1,,ANUAL,,MATERIA,,,SI,REGULAR,47,,,Precargado desde snapshot local pre-Laboratorio.
QUI-PLAN,QUI08,FISICA II,1,,ANUAL,,MATERIA,,,SI,REGULAR,48,,,Precargado desde snapshot local pre-Laboratorio.
QUI-PLAN,QUI09,EDI (ANALISIS MATEMATICO),1,,ANUAL,,MATERIA,,,SI,REGULAR,49,,,Precargado desde snapshot local pre-Laboratorio.
QUI-PLAN,QUI10,PRACTICA PROFESIONAL,1,,ANUAL,,MATERIA,,,SI,REGULAR,50,,,Precargado desde snapshot local pre-Laboratorio.
QUI-PLAN,QUI11,"LECTURA, ESCRITURA Y ORALIDAD",1,,ANUAL,,MATERIA,,,SI,REGULAR,51,,,Precargado desde snapshot local pre-Laboratorio.
QUI-PLAN,QUI12,HISTORIA Y POLITICA EDUCACIONAL ARGENTINA,2,,ANUAL,,MATERIA,,,SI,REGULAR,52,,,Precargado desde snapshot local pre-Laboratorio.
QUI-PLAN,QUI13,SOCIOLOGIA DE LA EDUCACION,2,,ANUAL,,MATERIA,,,SI,REGULAR,53,,,Precargado desde snapshot local pre-Laboratorio.
QUI-PLAN,QUI14,SUJETO DE LA EDUCACION SECUNDARIA,2,,ANUAL,,MATERIA,,,SI,REGULAR,54,,,Precargado desde snapshot local pre-Laboratorio.
QUI-PLAN,QUI15,DIDACTICA DE LA QUIMICA I,2,,ANUAL,,MATERIA,,,SI,REGULAR,55,,,Precargado desde snapshot local pre-Laboratorio.
QUI-PLAN,QUI16,FISICO-QUIMICA,2,,ANUAL,,MATERIA,,,SI,REGULAR,56,,,Precargado desde snapshot local pre-Laboratorio.
QUI-PLAN,QUI17,PRACTICA PROFESIONAL II,2,,ANUAL,,MATERIA,,,SI,REGULAR,57,,,Precargado desde snapshot local pre-Laboratorio.
QUI-PLAN,QUI18,QUIMICA ANALITICA I,2,,ANUAL,,MATERIA,,,SI,REGULAR,58,,,Precargado desde snapshot local pre-Laboratorio.
QUI-PLAN,QUI19,QUIMICA ANALITICA II,2,,ANUAL,,MATERIA,,,SI,REGULAR,59,,,Precargado desde snapshot local pre-Laboratorio.
QUI-PLAN,QUI20,QUIMICA ORGANICA I,2,,ANUAL,,MATERIA,,,SI,REGULAR,60,,,Precargado desde snapshot local pre-Laboratorio.
QUI-PLAN,QUI21,QUIMICA ORGANICA II,2,,ANUAL,,MATERIA,,,SI,REGULAR,61,,,Precargado desde snapshot local pre-Laboratorio.
QUI-PLAN,QUI22,TECNOLOGIA DE LA INFORMACION Y LA COMUNICACIÓN,2,,ANUAL,,MATERIA,,,SI,REGULAR,62,,,Precargado desde snapshot local pre-Laboratorio.
QUI-PLAN,QUI23,EDI (BIOLOGIA),2,,ANUAL,,MATERIA,,,SI,REGULAR,63,,,Precargado desde snapshot local pre-Laboratorio.
QUI-PLAN,QUI24,FILOSOFIA DE LA EDUCACION,3,,ANUAL,,MATERIA,,,SI,REGULAR,64,,,Precargado desde snapshot local pre-Laboratorio.
QUI-PLAN,QUI25,FORMACION ETICA Y CIUDADANA,3,,ANUAL,,MATERIA,,,SI,REGULAR,65,,,Precargado desde snapshot local pre-Laboratorio.
QUI-PLAN,QUI26,DIDACTICA DE LA QUIMICA II,3,,ANUAL,,MATERIA,,,SI,REGULAR,66,,,Precargado desde snapshot local pre-Laboratorio.
QUI-PLAN,QUI27,PARCTICA PROFESIONAL III EN NIVEL SECUNDARIO,3,,ANUAL,,MATERIA,,,SI,REGULAR,67,,,Precargado desde snapshot local pre-Laboratorio.
QUI-PLAN,QUI28,QUIMICA BIOLOGICA,3,,ANUAL,,MATERIA,,,SI,REGULAR,68,,,Precargado desde snapshot local pre-Laboratorio.
QUI-PLAN,QUI29,QUIMICA ANALITICA ORGANICA,3,,ANUAL,,MATERIA,,,SI,REGULAR,69,,,Precargado desde snapshot local pre-Laboratorio.
QUI-PLAN,QUI30,EDI (QUIMICA DE LOS ALIMENTOS),3,,ANUAL,,MATERIA,,,SI,REGULAR,70,,,Precargado desde snapshot local pre-Laboratorio.
QUI-PLAN,QUI31,PROD. DE RECURSOS DIDACTICOS Y DIGITALES PARA LA ENSEÑANZA,3,,ANUAL,,MATERIA,,,SI,REGULAR,71,,,Precargado desde snapshot local pre-Laboratorio.
QUI-PLAN,QUI32,EDUCACION SEXUAL INTEGRAL (ESI),4,,ANUAL,,MATERIA,,,SI,REGULAR,72,,,Precargado desde snapshot local pre-Laboratorio.
QUI-PLAN,QUI33,EDI (INTEGRACION E INCLUSION EDUCATIVA),4,,ANUAL,,MATERIA,,,SI,REGULAR,73,,,Precargado desde snapshot local pre-Laboratorio.
QUI-PLAN,QUI34,INVESTIGACION EN QUIMICA,4,,ANUAL,,MATERIA,,,SI,REGULAR,74,,,Precargado desde snapshot local pre-Laboratorio.
QUI-PLAN,QUI35,PRACTICA PROFESIONAL Y RESIDENCIA DOCENTE EN NIVEL SECUNDARIO,4,,ANUAL,,MATERIA,,,SI,REGULAR,75,,,Precargado desde snapshot local pre-Laboratorio.
QUI-PLAN,QUI36,DIDACTICA DE LA QUIMICA III,4,,ANUAL,,MATERIA,,,SI,REGULAR,76,,,Precargado desde snapshot local pre-Laboratorio.
QUI-PLAN,QUI37,QUIMICA AMBIENTAL,4,,ANUAL,,MATERIA,,,SI,REGULAR,77,,,Precargado desde snapshot local pre-Laboratorio.
QUI-PLAN,QUI38,CIENCIAS DE LA TIERRA,4,,ANUAL,,MATERIA,,,SI,REGULAR,78,,,Precargado desde snapshot local pre-Laboratorio.
QUI-PLAN,QUI39,QUIMICA DE LOS MATERIALES,4,,ANUAL,,MATERIA,,,SI,REGULAR,79,,,Precargado desde snapshot local pre-Laboratorio.
GEO-PLAN,GEO01,PEDAGOGIA,1,,ANUAL,,MATERIA,,,SI,REGULAR,80,,,Precargado desde snapshot local pre-Laboratorio.
GEO-PLAN,GEO02,DIDACTICA GENERAL,1,,ANUAL,,MATERIA,,,SI,REGULAR,81,,,Precargado desde snapshot local pre-Laboratorio.
GEO-PLAN,GEO03,PSICOLOGIA EDUCACIONAL,1,,ANUAL,,MATERIA,,,SI,REGULAR,82,,,Precargado desde snapshot local pre-Laboratorio.
GEO-PLAN,GEO04,PROBLEMÁTICA DE LA EDUCACION,1,,ANUAL,,MATERIA,,,SI,REGULAR,83,,,Precargado desde snapshot local pre-Laboratorio.
GEO-PLAN,GEO05,"LECTURA, ESCRITURA Y ORALIDAD",1,,ANUAL,,MATERIA,,,SI,REGULAR,84,,,Precargado desde snapshot local pre-Laboratorio.
GEO-PLAN,GEO06,GEOGRAFIA AMBIENTAL I,1,,ANUAL,,MATERIA,,,SI,REGULAR,85,,,Precargado desde snapshot local pre-Laboratorio.
GEO-PLAN,GEO07,INTRODUCCION AL PENSAMIENTO GEOGRAFICO,1,,ANUAL,,MATERIA,,,SI,REGULAR,86,,,Precargado desde snapshot local pre-Laboratorio.
GEO-PLAN,GEO08,EDI (HISTORIA SOCIAL GENERAL),1,,ANUAL,,MATERIA,,,SI,REGULAR,87,,,Precargado desde snapshot local pre-Laboratorio.
GEO-PLAN,GEO09,PRACTICA PROFESIONAL,1,,ANUAL,,MATERIA,,,SI,REGULAR,88,,,Precargado desde snapshot local pre-Laboratorio.
GEO-PLAN,GEO10,DIDACTICA DE LA GEOGRAFIA I,2,,ANUAL,,MATERIA,,,SI,REGULAR,89,,,Precargado desde snapshot local pre-Laboratorio.
GEO-PLAN,GEO11,HISTORIA Y POLITICA EDUCACIONAL ARGENTINA,2,,ANUAL,,MATERIA,,,SI,REGULAR,90,,,Precargado desde snapshot local pre-Laboratorio.
GEO-PLAN,GEO12,SOCIOLOGIA DE LA EDUCACION,2,,ANUAL,,MATERIA,,,SI,REGULAR,91,,,Precargado desde snapshot local pre-Laboratorio.
GEO-PLAN,GEO13,SUJETO DE LA EDUCACION SECUNDARIA,2,,ANUAL,,MATERIA,,,SI,REGULAR,92,,,Precargado desde snapshot local pre-Laboratorio.
GEO-PLAN,GEO14,SISTEMAS DE REPRESENTACION TERRITORIALES,2,,ANUAL,,MATERIA,,,SI,REGULAR,93,,,Precargado desde snapshot local pre-Laboratorio.
GEO-PLAN,GEO15,TECNOLOGIA DE LA INFORMACION Y LA COMUNICACIÓN,2,,ANUAL,,MATERIA,,,SI,REGULAR,94,,,Precargado desde snapshot local pre-Laboratorio.
GEO-PLAN,GEO16,AMBIENTAL II (BIOGEOGRAFIA Y ECOLOGIA),2,,ANUAL,,MATERIA,,,SI,REGULAR,95,,,Precargado desde snapshot local pre-Laboratorio.
GEO-PLAN,GEO17,GEOGRAFIA DE LA POBLACION,2,,ANUAL,,MATERIA,,,SI,REGULAR,96,,,Precargado desde snapshot local pre-Laboratorio.
GEO-PLAN,GEO18,ANTROPOLOGIA CULTURAL,2,,ANUAL,,MATERIA,,,SI,REGULAR,97,,,Precargado desde snapshot local pre-Laboratorio.
GEO-PLAN,GEO19,GEOGRAFIA POLITICA,2,,ANUAL,,MATERIA,,,SI,REGULAR,98,,,Precargado desde snapshot local pre-Laboratorio.
GEO-PLAN,GEO20,GEOGRAFIA CULTURAL,2,,ANUAL,,MATERIA,,,SI,REGULAR,99,,,Precargado desde snapshot local pre-Laboratorio.
GEO-PLAN,GEO21,PRACTICA PROFESIONAL II,2,,ANUAL,,MATERIA,,,SI,REGULAR,100,,,Precargado desde snapshot local pre-Laboratorio.
GEO-PLAN,GEO22,DIDACTICA DE LA GEOGRAFIA II,3,,ANUAL,,MATERIA,,,SI,REGULAR,101,,,Precargado desde snapshot local pre-Laboratorio.
GEO-PLAN,GEO23,FILOSOFIA DE LA EDUCACION,3,,ANUAL,,MATERIA,,,SI,REGULAR,102,,,Precargado desde snapshot local pre-Laboratorio.
GEO-PLAN,GEO24,FORMACION ETICA Y CIUDADANA,3,,ANUAL,,MATERIA,,,SI,REGULAR,103,,,Precargado desde snapshot local pre-Laboratorio.
GEO-PLAN,GEO25,PROD. DE RECURSOS DIDACTICOS Y DIGITALES PARA LA ENSEÑANZA,3,,ANUAL,,MATERIA,,,SI,REGULAR,104,,,Precargado desde snapshot local pre-Laboratorio.
GEO-PLAN,GEO26,GEOGRAFIA ECONOMICA GENERAL,3,,ANUAL,,MATERIA,,,SI,REGULAR,105,,,Precargado desde snapshot local pre-Laboratorio.
GEO-PLAN,GEO27,GEOGRAFIA DE LA REPUBLICA ARGENTINA,3,,ANUAL,,MATERIA,,,SI,REGULAR,106,,,Precargado desde snapshot local pre-Laboratorio.
GEO-PLAN,GEO28,GEOGRAFIA DE AMERICA,3,,ANUAL,,MATERIA,,,SI,REGULAR,107,,,Precargado desde snapshot local pre-Laboratorio.
GEO-PLAN,GEO29,GEOGRAFIA DE TUCUMAN,3,,ANUAL,,MATERIA,,,SI,REGULAR,108,,,Precargado desde snapshot local pre-Laboratorio.
GEO-PLAN,GEO30,PRACTICA PROFESIONAL III EN EL CICLO BASICO DEL NIVEL SECUNDARIO,3,,ANUAL,,MATERIA,,,SI,REGULAR,109,,,Precargado desde snapshot local pre-Laboratorio.
GEO-PLAN,GEO31,EDUCACION SEXUAL INTEGRAL,4,,ANUAL,,MATERIA,,,SI,REGULAR,110,,,Precargado desde snapshot local pre-Laboratorio.
GEO-PLAN,GEO32,EDI (INTEGRACION E INCLUSION EDUCATIVA),4,,ANUAL,,MATERIA,,,SI,REGULAR,111,,,Precargado desde snapshot local pre-Laboratorio.
GEO-PLAN,GEO33,DIDACTICA DE LA GEOGRAFIA III,4,,ANUAL,,MATERIA,,,SI,REGULAR,112,,,Precargado desde snapshot local pre-Laboratorio.
GEO-PLAN,GEO34,ORGANIZACIÓN DE LOS ESPACIOS MUNDIALES,4,,ANUAL,,MATERIA,,,SI,REGULAR,113,,,Precargado desde snapshot local pre-Laboratorio.
GEO-PLAN,GEO35,INVESTIGACION DE LA GEOGRAFIA,4,,ANUAL,,MATERIA,,,SI,REGULAR,114,,,Precargado desde snapshot local pre-Laboratorio.
GEO-PLAN,GEO36,DESARROLLO Y TERRITORIALIDAD EN AMERICA LATINA,4,,ANUAL,,MATERIA,,,SI,REGULAR,115,,,Precargado desde snapshot local pre-Laboratorio.
GEO-PLAN,GEO37,EDI (GEOGRAFIA DE LOS PROBLEMAS TERRITORIALES URBANOS Y RURALES),4,,ANUAL,,MATERIA,,,SI,REGULAR,116,,,Precargado desde snapshot local pre-Laboratorio.
GEO-PLAN,GEO38,PRACTICA PROFESIONAL IV EN EL CICLO BASICO DEL NIVEL SECUNDARIO,4,,ANUAL,,MATERIA,,,SI,REGULAR,117,,,Precargado desde snapshot local pre-Laboratorio.
TRA-PLAN,TRA01,LENGUA INGLESA I,1,,ANUAL,,MATERIA,,,SI,REGULAR,118,,,Precargado desde snapshot local pre-Laboratorio.
TRA-PLAN,TRA02,GRAMATICA INGLESA I,1,,ANUAL,,MATERIA,,,SI,REGULAR,119,,,Precargado desde snapshot local pre-Laboratorio.
TRA-PLAN,TRA03,FONETICA Y FONOLOGIA INGLESA I,1,,ANUAL,,MATERIA,,,SI,REGULAR,120,,,Precargado desde snapshot local pre-Laboratorio.
TRA-PLAN,TRA04,INTRODUCCION A LA TRADUCCION,1,,ANUAL,,MATERIA,,,SI,REGULAR,121,,,Precargado desde snapshot local pre-Laboratorio.
TRA-PLAN,TRA05,RELACIONES HUMANAS,1,,ANUAL,,MATERIA,,,SI,REGULAR,122,,,Precargado desde snapshot local pre-Laboratorio.
TRA-PLAN,TRA06,INTERPRETACION I,1,,ANUAL,,MATERIA,,,SI,REGULAR,123,,,Precargado desde snapshot local pre-Laboratorio.
TRA-PLAN,TRA07,LENGUA Y GRAMATICA ESPAÑOLA I,1,,ANUAL,,MATERIA,,,SI,REGULAR,124,,,Precargado desde snapshot local pre-Laboratorio.
TRA-PLAN,TRA08,INFORMATICA,1,,ANUAL,,MATERIA,,,SI,REGULAR,125,,,Precargado desde snapshot local pre-Laboratorio.
TRA-PLAN,TRA09,ASPECTOS BASICOS DE LA CULTURA ANGLOFONA I,1,,ANUAL,,MATERIA,,,SI,REGULAR,126,,,Precargado desde snapshot local pre-Laboratorio.
TRA-PLAN,TRA10,PRACTICA PROFESIONALIZANTE I,1,,ANUAL,,MATERIA,,,SI,REGULAR,127,,,Precargado desde snapshot local pre-Laboratorio.
TRA-PLAN,TRA11,LENGUA INGLESA II,2,,ANUAL,,MATERIA,,,SI,REGULAR,128,,,Precargado desde snapshot local pre-Laboratorio.
TRA-PLAN,TRA12,GRAMATICA INGLESA II,2,,ANUAL,,MATERIA,,,SI,REGULAR,129,,,Precargado desde snapshot local pre-Laboratorio.
TRA-PLAN,TRA13,FONETICA Y FONOLOGIA INGLESA II,2,,ANUAL,,MATERIA,,,SI,REGULAR,130,,,Precargado desde snapshot local pre-Laboratorio.
TRA-PLAN,TRA14,TRADUCTOLOGIA Y TERMINOLOGIA,2,,ANUAL,,MATERIA,,,SI,REGULAR,131,,,Precargado desde snapshot local pre-Laboratorio.
TRA-PLAN,TRA15,ASPECTOS BASICOS DE LA CULTURA ANGLOFONA II,2,,ANUAL,,MATERIA,,,SI,REGULAR,132,,,Precargado desde snapshot local pre-Laboratorio.
TRA-PLAN,TRA16,INTERPRETACION II,2,,ANUAL,,MATERIA,,,SI,REGULAR,133,,,Precargado desde snapshot local pre-Laboratorio.
TRA-PLAN,TRA17,LINGÜÍSTICA APLICADA A LA TRADUCCION,2,,ANUAL,,MATERIA,,,SI,REGULAR,134,,,Precargado desde snapshot local pre-Laboratorio.
TRA-PLAN,TRA18,LENGUA Y GRAMATICA ESPAÑOLA II,2,,ANUAL,,MATERIA,,,SI,REGULAR,135,,,Precargado desde snapshot local pre-Laboratorio.
TRA-PLAN,TRA19,PRACTICA PROFESIONALIZANTE II,2,,ANUAL,,MATERIA,,,SI,REGULAR,136,,,Precargado desde snapshot local pre-Laboratorio.
TRA-PLAN,TRA20,LENGUA INGLESA III,3,,ANUAL,,MATERIA,,,SI,REGULAR,137,,,Precargado desde snapshot local pre-Laboratorio.
TRA-PLAN,TRA21,GRAMATICA INGLESA III,3,,ANUAL,,MATERIA,,,SI,REGULAR,138,,,Precargado desde snapshot local pre-Laboratorio.
TRA-PLAN,TRA22,ESTILISTICA,3,,ANUAL,,MATERIA,,,SI,REGULAR,139,,,Precargado desde snapshot local pre-Laboratorio.
TRA-PLAN,TRA23,DICCION,3,,ANUAL,,MATERIA,,,SI,REGULAR,140,,,Precargado desde snapshot local pre-Laboratorio.
TRA-PLAN,TRA24,INTERPRETACION III,3,,ANUAL,,MATERIA,,,SI,REGULAR,141,,,Precargado desde snapshot local pre-Laboratorio.
TRA-PLAN,TRA25,ESTUDIOS COMPARITIVOS DEL INGLES Y ESPAÑOL,3,,ANUAL,,MATERIA,,,SI,REGULAR,142,,,Precargado desde snapshot local pre-Laboratorio.
TRA-PLAN,TRA26,ETICA Y DEONTOLOGIA PROFESIONAL,3,,ANUAL,,MATERIA,,,SI,REGULAR,143,,,Precargado desde snapshot local pre-Laboratorio.
TRA-PLAN,TRA27,LITERATURA CONTEMPORANEA,3,,ANUAL,,MATERIA,,,SI,REGULAR,144,,,Precargado desde snapshot local pre-Laboratorio.
TRA-PLAN,TRA28,PRACTICA PROFESIONALIZANTE III,3,,ANUAL,,MATERIA,,,SI,REGULAR,145,,,Precargado desde snapshot local pre-Laboratorio.
TUR-PLAN,TUR01,INTRODUCCION AL TURISMO,1,,ANUAL,,MATERIA,,,SI,REGULAR,171,,,Precargado desde snapshot local pre-Laboratorio.
TUR-PLAN,TUR02,PATRIMONIO CULTURAL TURISTICO DE TUCUMAN,1,,ANUAL,,MATERIA,,,SI,REGULAR,172,,,Precargado desde snapshot local pre-Laboratorio.
TUR-PLAN,TUR03,DESARROLLO Y GESTION TERRITORIAL,1,,ANUAL,,MATERIA,,,SI,REGULAR,173,,,Precargado desde snapshot local pre-Laboratorio.
TUR-PLAN,TUR04,ANTROPOLOGIA CULTURAL,1,,ANUAL,,MATERIA,,,SI,REGULAR,174,,,Precargado desde snapshot local pre-Laboratorio.
TUR-PLAN,TUR05,COMUNICACIÓN Y PRODUCCION DE TEXTO,1,,ANUAL,,MATERIA,,,SI,REGULAR,175,,,Precargado desde snapshot local pre-Laboratorio.
TUR-PLAN,TUR06,ECONOMIA Y ADMINISTRACION,1,,ANUAL,,MATERIA,,,SI,REGULAR,176,,,Precargado desde snapshot local pre-Laboratorio.
TUR-PLAN,TUR07,INFORMATICA APLICADA,1,,ANUAL,,MATERIA,,,SI,REGULAR,177,,,Precargado desde snapshot local pre-Laboratorio.
TUR-PLAN,TUR08,GEOGRAFIA TURISTICA DE TUCUMAN,1,,ANUAL,,MATERIA,,,SI,REGULAR,178,,,Precargado desde snapshot local pre-Laboratorio.
TUR-PLAN,TUR09,ARQUEOLOGIA,1,,ANUAL,,MATERIA,,,SI,REGULAR,179,,,Precargado desde snapshot local pre-Laboratorio.
TUR-PLAN,TUR10,HISTORIA REGIONAL,1,,ANUAL,,MATERIA,,,SI,REGULAR,180,,,Precargado desde snapshot local pre-Laboratorio.
TUR-PLAN,TUR11,PSICOLOGIA SOCIAL Y DINAMICA DE GRUPO,1,,ANUAL,,MATERIA,,,SI,REGULAR,181,,,Precargado desde snapshot local pre-Laboratorio.
TUR-PLAN,TUR12,TALLER DE TECNICAS DE GUIADO,1,,ANUAL,,MATERIA,,,SI,REGULAR,182,,,Precargado desde snapshot local pre-Laboratorio.
TUR-PLAN,TUR13,PORTUGUES,2,,ANUAL,,MATERIA,,,SI,REGULAR,183,,,Precargado desde snapshot local pre-Laboratorio.
TUR-PLAN,TUR14,AGENCIA DE VIAJES Y TRANSPORTACION,2,,ANUAL,,MATERIA,,,SI,REGULAR,184,,,Precargado desde snapshot local pre-Laboratorio.
TUR-PLAN,TUR15,PATRIMONIO CULTURAL TURISTICO DE ARGENTINA,2,,ANUAL,,MATERIA,,,SI,REGULAR,185,,,Precargado desde snapshot local pre-Laboratorio.
TUR-PLAN,TUR16,COMERCIALIZACION,2,,ANUAL,,MATERIA,,,SI,REGULAR,186,,,Precargado desde snapshot local pre-Laboratorio.
TUR-PLAN,TUR17,SERVICIOS TURISTICOS,2,,ANUAL,,MATERIA,,,SI,REGULAR,187,,,Precargado desde snapshot local pre-Laboratorio.
TUR-PLAN,TUR18,HISTORIA ARGENTINA,2,,ANUAL,,MATERIA,,,SI,REGULAR,188,,,Precargado desde snapshot local pre-Laboratorio.
TUR-PLAN,TUR19,PROGRAMACION DE CIRCUITOS TURISTICOS LOCALES Y REGIONALES,2,,ANUAL,,MATERIA,,,SI,REGULAR,189,,,Precargado desde snapshot local pre-Laboratorio.
TUR-PLAN,TUR20,INGLES,2,,ANUAL,,MATERIA,,,SI,REGULAR,190,,,Precargado desde snapshot local pre-Laboratorio.
TUR-PLAN,TUR21,GEOGRAFIA TURISTICA ARGENTINA,2,,ANUAL,,MATERIA,,,SI,REGULAR,191,,,Precargado desde snapshot local pre-Laboratorio.
TUR-PLAN,TUR22,PRACTICA PROFESIONALIZANTE I,2,,ANUAL,,MATERIA,,,SI,REGULAR,192,,,Precargado desde snapshot local pre-Laboratorio.
TUR-PLAN,TUR23,FORMULACION Y GESTION DE EMPRENDIMIENTOS TURISTICOS,3,,ANUAL,,MATERIA,,,SI,REGULAR,193,,,Precargado desde snapshot local pre-Laboratorio.
TUR-PLAN,TUR24,PATRIMONIO CULTURAL TURISTICO MUNDIAL,3,,ANUAL,,MATERIA,,,SI,REGULAR,194,,,Precargado desde snapshot local pre-Laboratorio.
TUR-PLAN,TUR25,TURISMO SUSTENTABLE,3,,ANUAL,,MATERIA,,,SI,REGULAR,195,,,Precargado desde snapshot local pre-Laboratorio.
TUR-PLAN,TUR26,PROGRAMACION DE CIRCUITOS TURISTICOS NACIONALES,3,,ANUAL,,MATERIA,,,SI,REGULAR,196,,,Precargado desde snapshot local pre-Laboratorio.
TUR-PLAN,TUR27,RELACIONES PUBLICAS Y ORGANIZACIÓN DE EVENTOS,3,,ANUAL,,MATERIA,,,SI,REGULAR,197,,,Precargado desde snapshot local pre-Laboratorio.
TUR-PLAN,TUR28,ETICA Y DEONTOLOGIA PROFESIONAL,3,,ANUAL,,MATERIA,,,SI,REGULAR,198,,,Precargado desde snapshot local pre-Laboratorio.
TUR-PLAN,TUR29,POLITICA Y LEGISLACION TURISTICA,3,,ANUAL,,MATERIA,,,SI,REGULAR,199,,,Precargado desde snapshot local pre-Laboratorio.
TUR-PLAN,TUR30,INGLES APLICADO,3,,ANUAL,,MATERIA,,,SI,REGULAR,200,,,Precargado desde snapshot local pre-Laboratorio.
TUR-PLAN,TUR31,GEOGRAFIA TURISTICA MUNDIAL,3,,ANUAL,,MATERIA,,,SI,REGULAR,201,,,Precargado desde snapshot local pre-Laboratorio.
TUR-PLAN,TUR32,PRACTICA PROFESIONALIZANTE II,3,,ANUAL,,MATERIA,,,SI,REGULAR,202,,,Precargado desde snapshot local pre-Laboratorio.
TUR-PLAN,TUR33,PORTUGUES APLICADO,3,,ANUAL,,MATERIA,,,SI,REGULAR,203,,,Precargado desde snapshot local pre-Laboratorio.
LAB-2015,LAB01,CULTURA COMUNICACIÓN Y TRABAJO,1,,ANUAL,,MATERIA,,,SI,REGULAR,1,2015-03-01,,Laboratorio cargado desde planillas fuente 2015/2024. Plan 2015.
LAB-2015,LAB02,FISICA,1,,ANUAL,,MATERIA,,,SI,REGULAR,2,2015-03-01,,Laboratorio cargado desde planillas fuente 2015/2024. Plan 2015.
LAB-2015,LAB03,HIGIENE Y BIOSEGURIDAD,1,,ANUAL,,MATERIA,,,SI,REGULAR,3,2015-03-01,,Laboratorio cargado desde planillas fuente 2015/2024. Plan 2015.
LAB-2015,LAB04,BIOLOGIA E HISTOLOGIA,1,,ANUAL,,MATERIA,,,SI,REGULAR,4,2015-03-01,,Laboratorio cargado desde planillas fuente 2015/2024. Plan 2015.
LAB-2015,LAB05,QUIMICA GENERAL E INORGANICA,1,,ANUAL,,MATERIA,,,SI,REGULAR,5,2015-03-01,,Laboratorio cargado desde planillas fuente 2015/2024. Plan 2015.
LAB-2015,LAB06,QUIMICA ORGANICA,1,,ANUAL,,MATERIA,,,SI,REGULAR,6,2015-03-01,,Laboratorio cargado desde planillas fuente 2015/2024. Plan 2015.
LAB-2015,LAB07,TALLER DE LABORATORIO,1,,ANUAL,,MATERIA,,,SI,REGULAR,7,2015-03-01,,Laboratorio cargado desde planillas fuente 2015/2024. Plan 2015.
LAB-2015,LAB08,INFORMATICA,1,,ANUAL,,MATERIA,,,SI,REGULAR,8,2015-03-01,,Laboratorio cargado desde planillas fuente 2015/2024. Plan 2015.
LAB-2015,LAB09,QUIMICA ANALITICA,2,,ANUAL,,MATERIA,,,SI,REGULAR,9,2015-03-01,,Laboratorio cargado desde planillas fuente 2015/2024. Plan 2015.
LAB-2015,LAB10,QUIMICA BIOLOGICA,2,,ANUAL,,MATERIA,,,SI,REGULAR,10,2015-03-01,,Laboratorio cargado desde planillas fuente 2015/2024. Plan 2015.
LAB-2015,LAB11,RELACIONES HUMANAS,2,,ANUAL,,MATERIA,,,SI,REGULAR,11,2015-03-01,,Laboratorio cargado desde planillas fuente 2015/2024. Plan 2015.
LAB-2015,LAB12,ANATOMIA Y FISIOLOGIA HUMANA,2,,ANUAL,,MATERIA,,,SI,REGULAR,12,2015-03-01,,Laboratorio cargado desde planillas fuente 2015/2024. Plan 2015.
LAB-2015,LAB13,ESTADISTICA,2,,ANUAL,,MATERIA,,,SI,REGULAR,13,2015-03-01,,Laboratorio cargado desde planillas fuente 2015/2024. Plan 2015.
LAB-2015,LAB14,INGLES,2,,ANUAL,,MATERIA,,,SI,REGULAR,14,2015-03-01,,Laboratorio cargado desde planillas fuente 2015/2024. Plan 2015.
LAB-2015,LAB15,METODOLOGIA DE LA INVESTIGACION,2,,ANUAL,,MATERIA,,,SI,REGULAR,15,2015-03-01,,Laboratorio cargado desde planillas fuente 2015/2024. Plan 2015.
LAB-2015,LAB16,ORGANIZACIÓN Y GESTION DE INSTITUCIONES DE SALUD,2,,ANUAL,,MATERIA,,,SI,REGULAR,16,2015-03-01,,Laboratorio cargado desde planillas fuente 2015/2024. Plan 2015.
LAB-2015,LAB17,PRACTICA PROFECIONALIZANTE I,2,,ANUAL,,PRACTICA,,,SI,REGULAR,17,2015-03-01,,Laboratorio cargado desde planillas fuente 2015/2024. Plan 2015.
LAB-2015,LAB18,ETICA Y DEONTOLOGIA PROFESIONAL,3,,ANUAL,,MATERIA,,,SI,REGULAR,18,2015-03-01,,Laboratorio cargado desde planillas fuente 2015/2024. Plan 2015.
LAB-2015,LAB19,BIOQUIMICA ESPECIAL,3,,ANUAL,,MATERIA,,,SI,REGULAR,19,2015-03-01,,Laboratorio cargado desde planillas fuente 2015/2024. Plan 2015.
LAB-2015,LAB20,BIOQUIMICA CLINICA E INMUNOLOGICA,3,,ANUAL,,MATERIA,,,SI,REGULAR,20,2015-03-01,,Laboratorio cargado desde planillas fuente 2015/2024. Plan 2015.
LAB-2015,LAB21,HEMATOLOGIA Y HEMOSTASIA,3,,ANUAL,,MATERIA,,,SI,REGULAR,21,2015-03-01,,Laboratorio cargado desde planillas fuente 2015/2024. Plan 2015.
LAB-2015,LAB22,MICROBIOLOGIA,3,,ANUAL,,MATERIA,,,SI,REGULAR,22,2015-03-01,,Laboratorio cargado desde planillas fuente 2015/2024. Plan 2015.
LAB-2015,LAB23,SALUD PUBLICA,3,,ANUAL,,MATERIA,,,SI,REGULAR,23,2015-03-01,,Laboratorio cargado desde planillas fuente 2015/2024. Plan 2015.
LAB-2015,LAB24,PRACTICA PROFESIONALIZANTE II,3,,ANUAL,,PRACTICA,,,SI,REGULAR,24,2015-03-01,,Laboratorio cargado desde planillas fuente 2015/2024. Plan 2015.
LAB-2024,LAB26,TECNICAS DE ORATORIA Y PRODCUCCION TEXTUAL,1,,ANUAL,,MATERIA,,,SI,REGULAR,1,2024-03-01,,Laboratorio cargado desde planillas fuente 2015/2024. Plan 2024.
LAB-2024,LAB27,FISICA APLICADA,1,,ANUAL,,MATERIA,,,SI,REGULAR,2,2024-03-01,,Laboratorio cargado desde planillas fuente 2015/2024. Plan 2024.
LAB-2024,LAB28,HIGIENE Y BIOSEGURIDAD APLICADA,1,,ANUAL,,MATERIA,,,SI,REGULAR,3,2024-03-01,,Laboratorio cargado desde planillas fuente 2015/2024. Plan 2024.
LAB-2024,LAB29,BIOLOGIA E HISTOLOGIA,1,,ANUAL,,MATERIA,,,SI,REGULAR,4,2024-03-01,,Laboratorio cargado desde planillas fuente 2015/2024. Plan 2024.
LAB-2024,LAB30,QUIMICA,1,,ANUAL,,MATERIA,,,SI,REGULAR,5,2024-03-01,,Laboratorio cargado desde planillas fuente 2015/2024. Plan 2024.
LAB-2024,LAB31,FUNDAMENTO DE LABORATORIO,1,,ANUAL,,MATERIA,,,SI,REGULAR,6,2024-03-01,,Laboratorio cargado desde planillas fuente 2015/2024. Plan 2024.
LAB-2024,LAB32,INFORMATICA,1,,ANUAL,,MATERIA,,,SI,REGULAR,7,2024-03-01,,Laboratorio cargado desde planillas fuente 2015/2024. Plan 2024.
LAB-2024,LAB33,PRACTICAS PROFESIONALIZANTES I,1,,ANUAL,,PRACTICA,,,SI,REGULAR,8,2024-03-01,,Laboratorio cargado desde planillas fuente 2015/2024. Plan 2024.
LAB-2024,LAB34,QUIMICA ANALITICA,2,,ANUAL,,MATERIA,,,SI,REGULAR,9,2024-03-01,,Laboratorio cargado desde planillas fuente 2015/2024. Plan 2024.
LAB-2024,LAB35,QUIMICA BIOLOGICA,2,,ANUAL,,MATERIA,,,SI,REGULAR,10,2024-03-01,,Laboratorio cargado desde planillas fuente 2015/2024. Plan 2024.
LAB-2024,LAB36,METODOLOGIA DE LA INVESTIGACION,2,,ANUAL,,MATERIA,,,SI,REGULAR,11,2024-03-01,,Laboratorio cargado desde planillas fuente 2015/2024. Plan 2024.
LAB-2024,LAB37,ANATOMIA Y FISIOLOGIA HUMANA,2,,ANUAL,,MATERIA,,,SI,REGULAR,12,2024-03-01,,Laboratorio cargado desde planillas fuente 2015/2024. Plan 2024.
LAB-2024,LAB38,BIOESTDISTICA,2,,ANUAL,,MATERIA,,,SI,REGULAR,13,2024-03-01,,Laboratorio cargado desde planillas fuente 2015/2024. Plan 2024.
LAB-2024,LAB39,INGLES TECNICO,2,,ANUAL,,MATERIA,,,SI,REGULAR,14,2024-03-01,,Laboratorio cargado desde planillas fuente 2015/2024. Plan 2024.
LAB-2024,LAB40,RELACIONES HUMANAS,2,,ANUAL,,MATERIA,,,SI,REGULAR,15,2024-03-01,,Laboratorio cargado desde planillas fuente 2015/2024. Plan 2024.
LAB-2024,LAB41,ORGANIZACIÓN Y GESTION DE INSTITUCIONES DE SALUD,2,,ANUAL,,MATERIA,,,SI,REGULAR,16,2024-03-01,,Laboratorio cargado desde planillas fuente 2015/2024. Plan 2024.
LAB-2024,LAB42,PRACTICAS PROFESIONALIZANTES II,2,,ANUAL,,PRACTICA,,,SI,REGULAR,17,2024-03-01,,Laboratorio cargado desde planillas fuente 2015/2024. Plan 2024.
LAB-2024,LAB43,ETICA PROFESIONAL,3,,ANUAL,,MATERIA,,,SI,REGULAR,18,2024-03-01,,Laboratorio cargado desde planillas fuente 2015/2024. Plan 2024.
LAB-2024,LAB44,SALUD PUBLICA,3,,ANUAL,,MATERIA,,,SI,REGULAR,19,2024-03-01,,Laboratorio cargado desde planillas fuente 2015/2024. Plan 2024.
LAB-2024,LAB45,BIOQUIMICA CLINICA E INMUNOLOGICA,3,,ANUAL,,MATERIA,,,SI,REGULAR,20,2024-03-01,,Laboratorio cargado desde planillas fuente 2015/2024. Plan 2024.
LAB-2024,LAB46,HEMATOLOGIA Y HEMOSTACIA,3,,ANUAL,,MATERIA,,,SI,REGULAR,21,2024-03-01,,Laboratorio cargado desde planillas fuente 2015/2024. Plan 2024.
LAB-2024,LAB47,MICROBIOLOGIA,3,,ANUAL,,MATERIA,,,SI,REGULAR,22,2024-03-01,,Laboratorio cargado desde planillas fuente 2015/2024. Plan 2024.
LAB-2024,LAB48,BIOQUIMICA ESPECIAL,3,,ANUAL,,MATERIA,,,SI,REGULAR,23,2024-03-01,,Laboratorio cargado desde planillas fuente 2015/2024. Plan 2024.
LAB-2024,LAB49,PRACTICAS PROFESIONALIZANTES III,3,,ANUAL,,PRACTICA,,,SI,REGULAR,24,2024-03-01,,Laboratorio cargado desde planillas fuente 2015/2024. Plan 2024.
